name,state,sector,ecosystem,sub_ecosystem,sub_ecosystem_sub_class,ceo_gender,ceo_name,website,email,phone,facebook,instagram,linkedin,twitter,address
Central Bank of Nigeria (CBN),Abuja,Public Sector,Policy and Regulation,Government,,Male,Godwin Emefiele,cbn.gov.ng,contactcbn@cbn.gov.ng,+234 700 225 5226,ttps://web.facebook.com/cenbankng/,,linkedin.com/in/central-bank-of-nigeria-68611917,twitter.com/cenbank,"Plot 33, Abubakar Tafawa Balewa Way"
Corporate Affairs Commission (CAC),Abuja,Public Sector,Policy and Regulation,Government,,Male,ALHAJI GARBA ABUBAKAR,cac.gov.ng,cservice@cac.gov.ng,234 809 552 1924,https://web.facebook.com/cacnigeria1,,https://www.linkedin.com/company/corporate-affairs-commission/,https://twitter.com/cacnigeria,"Plot 420, Tigris Crescent, Off Aguiyi Ironsi Street"
Enabling Business Environment Secretariat (EBES),Abuja,Public Sector,Policy and Regulation,Government,,Female,Dr. Jumoke Oduwole,https://easeofdoingbusinessnigeria.com,info@ebes.gov.ng,T +234 909 323 1541,http://facebook.com/EBESNigeria,http://instagram.com/EBESNigeria,https://www.linkedin.com/company/pebec-ebes-the-presidential-enabling-business-environment-council-nigeria/,https://twitter.com/EBESNigeria,"Plot No.1181, Aguiyi Ironsi Street"
Federal Inland Revenue Service (FIRS),Abuja,Public Sector,Policy and Regulation,Government,,Male,Muhammad Mamman Nami,https://www.firs.gov.ng,helpdesk@firs.gov.ng​,9074444441,https://web.facebook.com/F.I.R.S.naija/?pnref=lhc&_rdc=1&_rdr,https://www.instagram.com/firs_nigeria/,,https://twitter.com/firsnigeria,"20 Revenue House, Sokode Crescent"
"Federal Ministry of Industry, Trade and Investment (FMITI)",Abuja,Public Sector,Policy and Regulation,Government,,Male,Adeniyi Adebayo,http://nid.fmiti.gov.ng,info@fmiti.gov.ng,234 NIGERIA,https://web.facebook.com/FMITINigeria/?_rdc=1&_rdr,,,https://twitter.com/TradeInvestNG,Old Secretariat
"National Agency for Food and Drug, Administration and Control (NAFDAC)",Abuja,Public Sector,Policy and Regulation,Government,,Female,Mojisola Adeyeye.,https://www.nafdac.gov.ng,nafdac@nafdac.gov.ng ,0700-1-623322,https://www.facebook.com/NafdacNigeria/,,,https://twitter.com/NafdacAgency,"Plot 2032, Olusegun, Obasanjo Way"
National Assembly,Abuja,Public Sector,Policy and Regulation,Government,,Male,Ahmed Ibrahim Lawan,https://www.nassnig.org/#,info@nass.gov.ng,,,,https://www.linkedin.com/company/national-assembly-of-nigeria-nass/,https://twitter.com/nassnigeria,three Arms Zone
National Information Technology Development Agency (NITDA),Abuja,Public Sector,Policy and Regulation,Government,,Male,Kashifu Inuwa Abdullahi,https://nitda.gov.ng,info@nitda.gov.ng,8168401851,https://www.facebook.com/nitda.nig/,,,https://twitter.com/NITDANigeria,"No 28, Porthacourt Crescent, off Gimbiya Street"
National Office for Technology Acquisition and Promotion (NOTAP),Abuja,Public Sector,Policy and Regulation,Government,,Male,DR. DAN-AZUMI MOHAMMED IBRAHIM,https://www.notap.gov.ng,info@notap.gov.ng,9034776654,https://www.facebook.com/notap.desk,,,https://twitter.com/NOTAPdesk,"No 4, Blantyre Street Wuse II, off Adetokunbo Ademola Crescent"
Nigerian Export Promotion Council (NEPC),Abuja,Public Sector,Policy and Regulation,Government,,Male,DanAzumi Mohammed Ibrahim,https://nepc.gov.ng,ceo@nepc.gov.ng,+234 (9) 462 1555,https://www.facebook.com/TheNEPC/,,,,"Plot 424, Aguiyi Ironsi Street"
Nigerian Investment Promotion Council (NIPC),Abuja,Public Sector,Policy and Regulation,Government,,Female,Yewande Sadiku,https://nipc.gov.ng,infodesk@nipc.gov.ng,+234 (0)9 2900059,https://www.facebook.com/nipcng,https://www.instagram.com/nipc_ng/,,https://twitter.com/nipcng,"Plot 1181 , Aguiyi Ironsi Street"
Presidential Enabling Business Environment Council (PEBEC),Abuja,Public Sector,Policy and Regulation,Government,,Male,Prof. Yemi Osinbajo,http://www.pebec.gov.ng/,info@ebes.gov.ng,,https://www.facebook.com/EBESnigeria/,,,,"Plot 1181 , Aguiyi Ironsi Street"
Small and Medium Enterprise Development Agency of Nigeria (SMEDAN),Abuja,Public Sector,Policy and Regulation,Government,,Male,Dr. Dikko Umaru Radda,https://smedan.gov.ng, info@smedan.gov.ng,0807 132 0380,https://www.facebook.com/smedaninfo,,,https://twitter.com/smedaninfo,"No 35, Port Harcourt Crescent , Off Gimbiya Street"
Standards Organization of Nigeria (SON),Lagos,Public Sector,Policy and Regulation,Government,,Male,Mallam Farouk A. Salim,https://son.gov.ng,,0800 225 5766,https://www.facebook.com/sonnisnigeria/,,,https://twitter.com/sonnigeria?lang=en,Victoria Arobieke St
Lagos State Chambers of Commerce & Industry,Lagos,Public Sector,Policy and Regulation,Government,,Male,Muda Yusuf,https://www.lagoschamber.com,lcci@lagoschamber.com,(+234)1-277-1557,https://www.facebook.com/lagoschamber/,https://www.instagram.com/lagoschamber88/,,https://twitter.com/lagoschamber88,"No 1, Idowu Taylor Street"
Association of Micro Entrepreneurs in Nigeria (AMEN),Lagos,Private Sector,Policy and Regulation,Entrepreneurship Advocacy groups,,Male,Prince Saviour Iche,www.amenmicro.org,,8034754403,https://www.facebook.com/Amenigeria/,,,https://twitter.com/amennigeria,"No 503, Ikorodu Road, Ile-Ile bus stop"
Association of Small Business Owners of Nigeria (ASBON),Lagos,Private Sector,Policy and Regulation,Entrepreneurship Advocacy groups,,Male,Olufemi Egbesola,www.asbon.org,asbonoffice@yahoo.com,8032651424,,,,,"No 33, Abeokuta street, Anifowose"
"Nigerian Association of Chambers of Commerce, Industry, Mines and Agriculture (NACCIMA)",Lagos,Private Sector,Policy and Regulation,Entrepreneurship Advocacy groups,,Male,Ambassador Ayoola Olukanni,https://www.naccima.com,info@naccima.com,+234 811 8877 562,https://web.facebook.com/naccima30?_rdc=1&_rdr,,https://www.linkedin.com/company/naccima30/,https://twitter.com/naccima30,"8A, Oba Akinjobi Way, Ikeja GRA"
Nigerian Association of Small and Medium Enterprises (NASME),Lagos,Private Sector,Policy and Regulation,Entrepreneurship Advocacy groups,,Male,Prince Degun Agboade,https://nasmeonline.com,nasmenigeria2@gmail.com,7038711178,https://web.facebook.com/nasmengr/?_rdc=1&_rdr,,,https://twitter.com/nasmeng," 23A, Fatai Atere Way, Matori, Industrial Estate"
Nigerian Association of Small Scale Industrialists (NASSI),Abuja,Private Sector,Policy and Regulation,Entrepreneurship Advocacy groups,,Male,Ifeanyi Oputa,,info@nassi.org.ng,23480 361 30044,https://web.facebook.com/nassinig,https://www.instagram.com/nassinig/,,https://twitter.com/NASSINIG1,WAEC Building
Nigerian Economic Summit Group (NESG),Lagos,Private Sector,Policy and Regulation,Regulators,,Male,Laoye Jaiyeola,https://www.nesgroup.org,info@nesgroup.org,+234 1 2952849,https://www.facebook.com/officialNESG,https://www.instagram.com/officialNESG/,https://www.linkedin.com/company/the-nigerian-economic-summit-group/,https://twitter.com/officialNESG,"6, Oba Elegushi Street, off Oba Adeyinka Oyekan Avenue"
NECA’s Network of Entrepreneurial Women (NNEW),Lagos,Private Sector,Policy and Regulation,Entrepreneurship Advocacy groups,,Female,Funmilayo Arowoogun,https://www.nnew.org,"info@nnew.org ,",234 909 000 0189,https://www.facebook.com/NNEWabuja/,https://www.instagram.com/nnewabuja/?hl=en,https://www.linkedin.com/in/nnewomen/?originalSubdomain=ng,https://twitter.com/Neca_NNEW,"NECA House, Plot A2 Hakeem Balogun Street"
Commonwealth Alliance of Young Entrepreneurs (CAYE) West Africa,,Private Sector,Policy and Regulation,Entrepreneurship Advocacy groups,,,,http://cayewestafrica.org,cayewestafrica@gmail.com,,,,,,
Deloitte Nigeria,Lagos,Private Sector,Policy and Regulation,Regulators,,Male,Fatai Folarin,http://www.deloitte.com/ng,infonigeria@deloitte.com.ng,+234 1 904 1700,https://www.facebook.com/DeloitteNigeria/,https://www.instagram.com/deloittenigeria/?hl=en,https://www.linkedin.com/company/deloitte-nigeria,https://twitter.com/DeloitteNigeria?ref_src=twsrc%5Egoogle%7Ctwcamp%5Eserp%7Ctwgr%5Eauthor,"Plot GA 1, Civic Towers, Ozumba Mbadiwe Avenue"
FATE Foundation,Lagos,Private Sector,Policy and Regulation,Regulators,,Male,Fola Adeola,http://www.fatefoundation.org,info@fatefoundation.org,234701 130 5444,https://www.facebook.com/FateFoundation/,https://www.instagram.com/fatefoundation,https://www.instagram.com/fatefoundation,https://twitter.com/FATEFoundation,"1st Floor, Lagos State Water Corporation, Water House,"
Lagos State Chambers of Commerce & Industry,Lagos,Public Sector,Policy and Regulation,Regulators,,Male,Muda Yusuf,https://www.lagoschamber.com,lcci@lagoschamber.com,(+234)1-277-1557,https://www.facebook.com/lagoschamber/,https://www.instagram.com/lagoschamber88/,,https://twitter.com/lagoschamber88,"No 1, Idowu Taylor Street"
Nigeria’s Employers Consultative Association (NECA),Lagos,Private Sector,Policy and Regulation,Regulators,,Male,Dr. Timothy Olawale,https://www.neca.org.ng,neca@neca.org.ng,01 342 2356,https://www.facebook.com/Nigemployers,,,https://twitter.com/necadotorg,"Plot A2, Hakeem Balogun Street"
Entrepreneurship Development Centre - Northeast,Borno,Public Sector,Training,Enterprise Support Organizations,,,,www.edcnortheast.com.ng,info@edcnortheast.com.ng,8065947021,,,,,"Old Informatics Institute, Njimtillo, Kano Road"
Entrepreneurship Development Centre - Southwest,Oyo,Public Sector,Training,Enterprise Support Organizations,,,,http://www.edcsouthwest.org/,info@edcsouthwest.org,+234 809 7314 264,https://www.facebook.com/cbnedcsw,,,https://twitter.com/CBN_EDCsw,"Old Social Development Training Centre, Along Sango-UI Road"
Entrepreneurship Development Centre - Southsouth,Cross River,Public Sector,Training,Enterprise Support Organizations,,,,https://ssedc.ng/,info@ssedc.org,7012823985,https://www.facebook.com/SSEDC/,https://www.instagram.com/southsouthedc/,https://www.linkedin.com/company/cbn-south-south-entrepreneurship-development-centre/,,"Prof.Eyo Ita House, Ndidem Usang Iso Road, Calabar"
"National Youth Service Corps (NYSC), Skills Acquisition and Entrepreneurship Development (SAED)",Abuja,Public Sector,Training,Enterprise Support Organizations,,Female,Nasamu Hilary A,https://www.nysc.gov.ng/saed.html,info@nysc.gov.ng,,https://web.facebook.com/officialnysc?_rdc=1&_rdr,https://www.instagram.com/officialnyscng/,,https://twitter.com/officialnyscng,"Plot 416, Tigris Crescent Off Aguiyi Ironsi Street"
Office for ICT Innovation & Entrepreneurship (OIIE),Abuja,Public Sector,Training,Enterprise Support Organizations,,Female,Dr Amina Sambo-Magaji,http://ictinnovation.gov.ng/,info@ictinnovation.gov.ng,+234 909 788 8885,,,,,"5, Donau crescent off, Amazon Street"
Small and Medium Enterprise Development Agency of Nigeria (SMEDAN),Abuja,Public Sector,Training,Enterprise Support Organizations,,Male,Dr. Dikko Umaru Radda,https://smedan.gov.ng, info@smedan.gov.ng,0807 132 0380,https://www.facebook.com/smedaninfo,,,https://twitter.com/smedaninfo,"No 35, Port Harcourt Crescent , Off Gimbiya Street"
Academy for Entrepreneurial Studies (AES),Lagos,Development Sector,Training,Enterprise Support Organizations,,Male,DR. AUSBETH NNAMDI AJAGU,www.aes-edu.net,info@aes-edu.net,01-7642280,https://web.facebook.com/ACADEMY-FOR-ENTREPRENEURIAL-STUDIES-NIGERIA-78782107633/,,,,"17, Alhaji Bashorun Street Off Norman Williams Street"
After School Graduate Development Centre (AGDC),Lagos,Development Sector,Training,Enterprise Support Organizations,,,,https://graddev.com,info@graddev.com,8178815176,https://web.facebook.com/agdcnigeria/?_rdc=1&_rdr,https://www.instagram.com/afterschool_dev/,,https://twitter.com/agdc_ng,"15, Providence House, First Floor,  Admiralty Way"
Centre for Entrepreneurial Development Lagos (CEDL),Lagos,Development Sector,Training,Enterprise Support Organizations,,,,https://www.cedl.org,enquiries@cedl.org,(+234) 803 300 1311,https://web.facebook.com/?_rdc=1&_rdr,,,,"36, Murtala Mohammed International Airport Road"
Empretec,Lagos,Development Sector,Training,Enterprise Support Organizations,,Male,Onari Bobmanuel Duke,http://empretecnigeriafoundation.org/,info@empretecnigeriafoundation.org,0803 236 0044,https://web.facebook.com/Empretec-Nigeria-Foundation-142547175757693/,,,https://twitter.com/empretecf,
FATE Foundation,Lagos,Development Sector,Training,Enterprise Support Organizations,,Male,Fola Adeola,http://www.fatefoundation.org,info@fatefoundation.org,234701 130 5444,https://www.facebook.com/FateFoundation/,https://www.instagram.com/fatefoundation,https://www.instagram.com/fatefoundation,https://twitter.com/FATEFoundation,"1st Floor, Lagos State Water Corporation, Water House,"
Generation Enterprise,,Development Sector,Training,Enterprise Support Organizations,,Male,Bunmi Otegbade,http://www.generationenterprise.org/,sayhello@generationenterprise.com,,,,,,
Growing Business Foundation,Lagos,Development Sector,Training,Enterprise Support Organizations,,Female,Ndidi Edozien,https://gbfng.org,info@gbfng.org,(+3) 1800 555 2626,https://web.facebook.com/growingbusinessesfoundation/?_rdc=1&_rdr,,,,"160, Bamgbose Street (Behind City Hall)"
Institute of Entrepreneurial Studies (IES),Lagos,Development Sector,Training,Enterprise Support Organizations,,,,www.aes-edu.net,info@aes-edu.net,01-7642280,https://web.facebook.com/pages/category/Education/ACADEMY-FOR-ENTREPRENEURIAL-STUDIES-NIGERIA-78782107633/?_rdc=1&_rdr,,,,"Marble House 17 Alhaji Bashorun Street, Off Norman Williams Street,"
Junior Achievement,Lagos,Development Sector,Training,Enterprise Support Organizations,,Male,Dr. Ausbeth Ajagu,https://ja-nigeria.org,INFO@JA-NIGERIA.ORG,+(234) 817 201 3370,https://web.facebook.com/JANigeria?_rdc=1&_rdr,https://www.instagram.com/janigeria/,https://www.linkedin.com/company/janigeria/,https://twitter.com/JANigeria,"Plot 17, Block 122 Adewale Kolawole Crescent"
LEAP Africa,Lagos,Development Sector,Training,Enterprise Support Organizations,,,Femi Taiwo,https://www.leapafrica.org,info@leapafrica.org,01 454 6007,https://web.facebook.com/leapafrica/?_rdc=1&_rdr,https://www.instagram.com/leapafrica/,https://www.linkedin.com/company/leap-africa/,https://twitter.com/LEAPAfrica,"13 , Omorinre Johnson Street, Off Admiralty Way"
The Bridge Leadership Foundation,,Development Sector,Training,Enterprise Support Organizations,,Female,Oluwafunmilola Ojo,https://thebridgeleadership.org,  info@thebridgeleadership.org, (+234) 810 5738 992,https://web.facebook.com/tblfoundatn?_rdc=1&_rdr,https://www.instagram.com/tblfoundation/,https://www.linkedin.com/in/tblfoundation/,https://twitter.com/tblfoundation,
Private Sector Health Alliance of Nigeria (PHN),Lagos,Development Sector,Training,Enterprise Support Organizations,,Male,Muntaqa Umar-Sadiq,http://www.pshan.org/,communications@pshan.org,(01)4549079,https://web.facebook.com/Private-Sector-Health-Alliance-699885250056642/?_rdc=1&_rdr,https://www.instagram.com/phn_alliance/,,https://twitter.com/phn_alliance,"6th Floor Zenon House, 2, Ajose Adeogun"
Quantum Business School & Entrepreneurship Center,Rivers,Development Sector,Training,Enterprise Support Organizations,,Male,Victor Itonyo,https://qbs.com.ng,info@qbs.com.ng,(+234) 7062992741,,,,,"1, Orusa Street, Off Woke Street, Off Sani Abacha Road"
She Leads Africa,,Development Sector,Training,Enterprise Support Organizations,,,,,,,,,,,
Women in Management Business and Public Service (WIMBIZ),Lagos,Development Sector,Training,Enterprise Support Organizations,,Female,Hansatu Adegbite,wimbiz@wimbiz.org,wimbiz@wimbiz.org,+234 803 494 6249,https://web.facebook.com/wimbizng/,https://www.instagram.com/wimbizng/,,https://twitter.com/wimbiz,"200B , sale Eko Avenue. Dolphin Estate"
"Center for Entrepreneruship and Innovation (CEI), University of Ibadan",Oyo,Private Sector,Training,Enterprise Support Organizations,,,,https://cei.ui.edu.ng, uientrep@gmail.com,"+234 - 802 335 1506,",,,,,"15, Awolowo Avenue, Old Bodija"
"Enterprise Development Center, (EDC) Pan Atlantic University",Lagos,Private Sector,Training,Enterprise Support Organizations,,Male,Peter Bamkole,https://www.pau.edu.ng/units/edc/,info@pau.edu.ng,+234 902 712 3425,https://web.facebook.com/PanAtlanticUniversity?_rdc=1&_rdr,,,https://twitter.com/PanAtlanticUni,"52, Lekki-Epe Expressway (Near Eleko Beach Junction)"
"Lagos Business School (LBS), Pan Atlantic University",Lagos,Private Sector,Training,Enterprise Support Organizations,,Male,Professor Juan M. Elegido,https://www.pau.edu.ng,info@pau.edu.ng,+234 902 712 3426,https://web.facebook.com/PanAtlanticUniversity?_rdc=1&_rdr,,,https://twitter.com/PanAtlanticUni,"52, Lekki-Epe Expressway (Near Eleko Beach Junction)"
Kaduna Business School (KBS),Kaduna,Private Sector,Training,Enterprise Support Organizations,,Male,Dahiru Sani,,, 0816 353 0245,,,,,"17,  Gobarau Road"
Blue Hub,,Technology,Training,Incubators,,Female,Maryam Gwadabe,https://t.co/4lzd5Li6Be?amp=1,,,,,,https://twitter.com/bluehubng_?lang=en,
Co- Creation Hub (CCHub),Lagos,Technology,Training,Incubators,,Male,Bosun Tijani,https://cchubnigeria.com,info@cchubnigeria.com,+234 (01) 2950555,https://www.facebook.com/CcHUBNigeria/,https://www.instagram.com/cchubnigeria/,https://www.linkedin.com/company/co-creation-hub/,https://twitter.com/Cc_HUB,"294 , Herbert Macaulay Way, Sabo"
CoLab,Kaduna,Technology,Training,Incubators,,Male,Sanusi Ismaila,https://colab.com.ng,hi@colab.com.ng,2.35E+12,https://web.facebook.com/CoLabkd/?_rdc=1&_rdr,https://www.instagram.com/CoLabkd/,,https://twitter.com/CoLab_kd/,"4,  Barnawa Close"
Delta State Innovation Hub,Delta,Technology,Training,Incubators,,Male,Chris Uwaje,https://deltastateihub.com,support@deltastateihub.com,+234 904-222-3339 ,https://web.facebook.com/pages/Delta%20State%20Innovation%20Hub/382444678762184/?_rdc=1&_rdr,,,,"1, DBS Junction, Okpanam Rd, beside Zenith Bank"
Enspire Hub,Abuja,Technology,Training,Incubators,,Male,Bankole Oloruntoba,http://www.enspire.org.ng/,info@enspire.org.ng,0909 000 0952,https://web.facebook.com/enspireincubator/?_rdc=1&_rdr,https://www.instagram.com/enspireatv/,,https://twitter.com/enspireatv,"No 22, Aguiyi Ironsi Way, Maitama "
Founders Hub,Kwara,Technology,Training,Incubators,,Male,Adeyinka Adekeye,http://foundershub.xyz,contact@foundershub.xyz,+234 908 217 1728 ,,,,https://twitter.com/foundershubng/,"2, Onikanga Street"
Hebron StartUp Labs,Ogun,Technology,Training,Incubators,,,,http://startup.covenantuniversity.edu.ng/,startup@covenantuniversity.edu.ng,0817 758 3008,https://www.facebook.com/hebronstartup/,https://www.instagram.com/hebronstartup/,https://www.linkedin.com/company/hebron-startup-lab/?originalSubdomain=ng,https://twitter.com/hebronstartup?lang=en,"3rd floor, CUCRID Building, Covenant University"
Ideation Hub,,Technology,Training,Incubators,,Female,Debola Deji-Kurunmi,,,,,,,,
Leadpath Nigeria,Lagos,Technology,Training,Incubators,,Male,Olumide Soyombo,http://leadpath.com.ng/,,,https://www.facebook.com/leadpathng/,,,https://twitter.com/leadpathng?lang=en,"70, Olonode Street, Off Hughes Avenue"
NHub,Jos,Technology,Training,Incubators,,Male,Daser David,http://nhubnigeria.com,info@nhubnigeria.com,(+234) 806-889-7177,https://web.facebook.com/nHubNigeria/?_rdc=1&_rdr,https://www.instagram.com/nhub_ng/?hl=en,https://www.linkedin.com/company/nhub/?originalSubdomain=ng,https://twitter.com/nhubng?lang=en,"3rd Floor, TAEN Business Complex, Opposite former NITEL Office"
OlotuSquare,Rivers,Technology,Training,Incubators,,Male,Bruce Lucas,https://olotusquare.co,hello@olotusquare.co,+234 (0) 9067719044,https://web.facebook.com/olotusquare?_rdc=1&_rdr,https://www.instagram.com/olotusquare/,https://www.linkedin.com/company/olotusquare/,https://twitter.com/olotusquare,"1, Khana Street, D/Line"
Passion Incubator,Lagos,Technology,Training,Incubators,,Male,Olufunbi Falayi,http://www.passionincubator.ng/,nfo@passionincubator.ng,23433579178,https://web.facebook.com/passionincubator/?_rdc=1&_rdr,https://www.instagram.com/p_incubator/?hl=en,https://www.linkedin.com/company/passion-incubator/?originalSubdomain=ng,https://twitter.com/p_incubator?lang=en,"70 , Olonode Street"
ROAR Nigeria Hub,Enugu,Technology,Training,Incubators,,Male,Charles Emembolu,http://www.roarnigeria.org/,info@roarnigeria.org,0809 941 3182,https://web.facebook.com/roarnigeria/?_rdc=1&_rdr,https://www.instagram.com/roar_nigeria/,https://www.linkedin.com/in/roar-nigeria-hub-047098142/,https://twitter.com/roar_nigeria,"Beside CEC, directly behind Faculty of Art Theater Building, University of Nigeria Nsukka"
Root Hub,Akwa Ibom,Technology,Training,Incubators,,Male,Tony Onuk,http://theroothub.com/,info@theroothub.com,0809 242 7901,https://web.facebook.com/theroothub/?_rdc=1&_rdr,https://www.instagram.com/theroothub/,,https://twitter.com/theroothub/,"Akees Plaza, Opp Ibom Hall"
SPARK,Lagos,Technology,Training,Incubators,,Male,Chinedu Amah,http://www.thesparkng.com/,contribute@thesparkng.com,,https://web.facebook.com/thesparkng/?_rdc=1&_rdr,https://www.instagram.com/thesparkng/?hl=en,,https://twitter.com/thesparkng?lang=en,"21, Military Street, Off King George V Street"
Start Innovation Hub,Akwa Ibom,Technology,Training,Incubators,,Male,Hanson Johnson,http://www.starthub.com.ng/,email@starthub.com.ng,0909 000 9216,https://web.facebook.com/starthubtech/?_rdc=1&_rdr,https://www.instagram.com/starthubtech/?hl=en,https://www.linkedin.com/showcase/start-innovation-hub/,,"264, Oron road"
StartPreneurs,Abuja,Technology,Training,Incubators,,Female,Jennifer Chizua,http://www.startpreneurs.com.ng/,info@startpreneurs.com.ng,+234 814 042 4240,https://web.facebook.com/startpreneurs/?_rdc=1&_rdr,https://www.instagram.com/startpreneurs/,,https://twitter.com/startpreneurs?lang=en,"50, Ebitu Ukiwe Street"
StoneBricks Hub,Abuja,Technology,Training,Incubators,,Female,Omotola Agbi,http://www.stonebrickshub.com/,info@stonebricksgroup.com,0909 320 9133,https://web.facebook.com/StoneBricksHub/?_rdc=1&_rdr,https://www.instagram.com/stonebricks_hub/,,https://twitter.com/Stonebricks_hub,"10, Danube Close, Off Danube Street, Off IBB Boulevard,"
Technology Development for Poverty Alleviation Initiative (TD4PAI),Abuja,Technology,Training,Incubators,,,,http://www.td4pai.org,td4pai@gmail.com, (+234) 8038198759,https://web.facebook.com/td4pai?_rdc=1&_rdr,,,https://twitter.com/td4pai,"32, Pasali New Extension, Off Lanto Road"
Technology Incubation Center,,Technology,Training,Enterprise Support Organizations,,Female,Rosaline G. Agiamoh,,,,,,,,
The Tangent Eco- Innovation Hub,Abuja,Technology,Training,Enterprise Support Organizations,,,Dami Lawal,www.tangenthub.ng,,0809 456 2884,https://web.facebook.com/TangentHubNG/?_rdc=1&_rdr,,,https://twitter.com/tangent_hub?lang=en,"2, 3rd Floor , NEPZA Building, Zambezi Crescent"
Ventures Platform,,Technology,Training,Enterprise Support Organizations,,Male,Kola Aina,www.venturesplatform.com,hello@venturesplatform.com,234 809 041 5327,https://web.facebook.com/VPlatformHub/?ref=bookmarks&_rdc=1&_rdr,https://www.instagram.com/vplatformhub/,,https://twitter.com/vplatformhub,"Legacy place, Plot 1619 Danmole Street, Off Idejo Street, Victoria Island"
We Hub,,Technology,Training,Enterprise Support Organizations,,,,,,,,,,,
Wennovation Hub,Oyo,Technology,Training,Enterprise Support Organizations,,Male,Wole Odetayo,http://www.wennovationhub.org/,enquiries@wennovationhub.org,0909 000 2648,https://web.facebook.com/wennovationhub?_rdc=1&_rdr,,,https://twitter.com/wennovation,"3rd Floor Alpha and Omega Building, Queen Elizabeth II Road, Mokola"
Association of Micro Entrepreneurs in Nigeria (AMEN),Lagos,Private Sector,Training,Enterprise Support Organizations,,Male,Prince Saviour Iche,www.amenmicro.org,,8034754403,https://www.facebook.com/Amenigeria/,,,https://twitter.com/amennigeria,"No 503, Ikorodu Road, Ile-Ile bus stop"
Association of Small Business Owners of Nigeria (ASBON),Lagos,Private Sector,Training,Enterprise Support Organizations,,Male,Olufemi Egbesola,www.asbon.org,asbonoffice@yahoo.com,8032651424,,,,,"No 33, Abeokuta street, Anifowose"
"Nigerian Association of Chambers of Commerce, Industry, Mines and Agriculture (NACCIMA)",Lagos,Private Sector,Training,Enterprise Support Organizations,,Male,Ayoola Olukanni,https://www.naccima.com,info@naccima.com,+234 811 8877 562,https://web.facebook.com/naccima30?_rdc=1&_rdr,,https://www.linkedin.com/company/naccima30/,https://twitter.com/naccima30,"8A, Oba Akinjobi Way, Ikeja GRA"
Nigerian Association of Small and Medium Enterprises (NASME),Lagos,Private Sector,Training,Enterprise Support Organizations,,Male,Prince Degun Agboade,https://nasmeonline.com,nasmenigeria2@gmail.com,7038711178,https://web.facebook.com/nasmengr/?_rdc=1&_rdr,,,https://twitter.com/nasmeng," 23A, Fatai Atere Way, Matori, Industrial Estate"
Nigerian Association of Small Scale Industrialists (NASSI),Abuja,Private Sector,Training,Enterprise Support Organizations,,Male,Ifeanyi Oputa,,info@nassi.org.ng,23480 361 30044,https://web.facebook.com/nassinig,https://www.instagram.com/nassinig/,,https://twitter.com/NASSINIG1,WAEC Building
NECA’s Network of Entrepreneurial Women (NNEW),Lagos,Private Sector,Training,Enterprise Support Organizations,,Female,Funmilayo Arowoogun,https://www.nnew.org,"info@nnew.org ,",234 909 000 0189,https://www.facebook.com/NNEWabuja/,https://www.instagram.com/nnewabuja/?hl=en,https://www.linkedin.com/in/nnewomen/?originalSubdomain=ng,https://twitter.com/Neca_NNEW,"NECA House, Plot A2 Hakeem Balogun Street"
Nigeria’s Employers Consultative Association (NECA),Lagos,Private Sector,Training,Enterprise Support Organizations,,Male,Olawale Timothy,https://www.neca.org.ng, neca@neca.org.ng,234-1-3422356,https://www.facebook.com/Nigemployers,,,https://twitter.com/necadotorg,"Plot A2, Hakeem Balogun Street"
Lagos State Chambers of Commerce & Industry,Lagos,Public Sector,Training,Enterprise Support Organizations,,Male,Muda Yusuf,https://www.lagoschamber.com,lcci@lagoschamber.com,(+234)1-277-1557,https://www.facebook.com/lagoschamber/,https://www.instagram.com/lagoschamber88/,,https://twitter.com/lagoschamber88,"No 1, Idowu Taylor Street"
Bank of Agriculture (BOA),Kaduna,Public Sector,Funding,Loan Providers,,Male,Alwan Ali Hassan,https://www.boanig.com,info@boanig.com,+234 7040202222,https://web.facebook.com/Bank-Of-Agriculture-167903340429964/?_rdc=1&_rdr,https://www.instagram.com/bankofagriculture/,,https://twitter.com/bankofagricng?lang=en,"1, Yakubu Gowon Way"
Bank of Industry (BOI),Lagos,Public Sector,Funding,Loan Providers,,Male,Olukayode Pitan,https://www.boi.ng, customercare@boi.ng,+(234) 7002255264,https://web.facebook.com/BankofIndustryNigeria/?_rdc=1&_rdr,,https://www.linkedin.com/company/bank-of-industry-limited/?originalSubdomain=ng,https://web.facebook.com/BankofIndustryNigeria/?_rdc=1&_rdr,"23, Marina Street"
Access Bank,Lagos,Private Sector,Funding,Loan Providers,,Male,Herbert Wigwe,https://www.accessbankplc.com/contact-us.aspx,contactcenter@accessbankplc.com,(234) 1-2712005-7,https://www.facebook.com/AccessBankPlc,,https://www.accessbankplc.com/contact-us.aspx#,https://twitter.com/myaccessbank,"14/15, Prince Alaba Oniru Road, Victoria Island"
Guaranty Trust Bank,Lagos,Private Sector,Funding,Loan Providers,,Male,Segun Agbaje,https://www.gtbank.com,gtbankdigitalgroup@gmail.com,0803 900 3900,https://www.facebook.com/gtbank,https://www.instagram.com/gtbank/,https://www.linkedin.com/company/gtbank,https://twitter.com/gtbank,"Plot 635, Akin Adesola Victoria Island"
First Bank of Nigeria,Lagos,Private Sector,Funding,Loan Providers,,Male,Dr Adesola Kazeem Adeduntan,https://www.firstbanknigeria.com,firstcontact@firstbanknigeria.com,(234) 1 905 2326,http://facebook.com/firstbankofnigeria,http://instagram.com/firstbanknigeria,https://www.linkedin.com/company/first-bank-of-nigeria-plc,http://twitter.com/firstbankngr,"Samuel Asabia House, 35 Marina st, Lagos, Nigeria"
Zenith Bank,Lagos,Private Sector,Funding,Loan Providers,,Male,Ebenezer N. Onyeagwu,https://www.zenithbank.com,zenithdirect@zenithbank.com,234-1-2787000,https://www.facebook.com/Zenithbank,https://www.instagram.com/zenithbankplc/,https://www.linkedin.com/company/zenith-bank-group,https://twitter.com/ZenithBank,"87 Ajose Adeogun St, Victoria Island, Lagos"
Fidelity Bank,Lagos,Private Sector,Funding,Loan Providers,,,,https://www.fidelitybank.ng,true.serve@fidelitybank.ng,0700 343 35489,https://www.facebook.com/FidelityBankplc,https://instagram.com/fidelitybankplc/,https://www.linkedin.com/company/fidelitybankplc,https://twitter.com/fidelitybankplc,"2, Kofo Abayomi Street, Victoria Island"
United Bank of Africa (UBA),Lagos,Private Sector,Funding,Loan Providers,,Male,Kennedy Uzoka,https://www.ubagroup.com/,cfc@ubagroup.com,(234) 700 2255,https://www.facebook.com/ubagroup/,https://www.instagram.com/ubagroup/,https://www.linkedin.com/company/uba/,https://twitter.com/ubagroup,"57 Marina, Lagos Island, Lagos"
Central Bank of Nigeria (CBN),Abuja,Public Sector,Funding,Loan Providers,,Male,Godwin Emefiele,cbn.gov.ng,contactcbn@cbn.gov.ng,+234 700 225 5226,ttps://web.facebook.com/cenbankng/,,linkedin.com/in/central-bank-of-nigeria-68611917,twitter.com/cenbank,"Plot 33, Abubakar Tafawa Balewa Way"
Dangote Foundation,,Development Sector,Funding,Loan Providers,,Male,Aliko Dangote,https://www.dangote.com/foundation/?fbclid=IwAR3cndua08ACns4r78ZNbQjdwxGWvAUs5ZlEshWoG5zgq7iV6hAswcobooM,communications@dangote.com," +234 1 448 0815, ",https://www.facebook.com/AlikoDangoteFDN/,,,https://twitter.com/AlikoDangoteFdn,
GroFin,Lagos,Private Sector,Funding,Loan Providers,,Male,Brienne van der Walt,https://grofin.com/contact/grofin-nigeria-lagos/,lagos@grofin.com,+234 705 696 6666 ,https://www.facebook.com/GroFinGroup/,https://www.instagram.com/grofin_group/,https://www.linkedin.com/company/grofin/,https://twitter.com/grofin,"23, Oba Akinjobi Way, G.R.A"
International Finance Corporation (IFC),Lagos,Private Sector,Funding,Loan Providers,,Male,Philippe Le Houérou,https://www.ifc.org/wps/wcm/connect/RegProjects_Ext_Content/IFC_External_Corporate_Site/ESMID_Home/Contacts/,comms@ifc.org,+234 1 262 6455/64,https://www.facebook.com/IFCwbg,https://www.instagram.com/ifc_org/,https://www.linkedin.com/company/ifclinkedin/,https://twitter.com/IFC_org,"Plot 121, Louis Solomon Close, Off Ahmadu Bello Way"
Kaduna Start-up Entrepreneurship Programme (KADSTEP),Kaduna,Development Sector,Funding,Grant Providers,,,,https://kadunastep.com,info@kadstep.com,+234 703 193 3321,https://www.facebook.com/stepinkaduna,,,https://twitter.com/kadstep,"17, Gobarau Road"
Lagos State Employment Trust Fund (LSETF),Lagos,Public Sector,Funding,Loan Providers,,,,http://www.lsetf.ng/,,01-7000969,https://www.facebook.com/lsetfng/,https://www.instagram.com/lsetf/,,https://twitter.com/lsetf/,"16, Billings Way"
Lidya,Lagos,Private Sector,Funding,Loan Providers,,Male,Tunde Kehinde,https://www.lidya.co/,info@lidya.co,,https://www.facebook.com/LidyaNigeria/,https://www.instagram.com/lidyadotco/,https://www.linkedin.com/company/lidyadotco/,https://twitter.com/lidyadotco,"2b , Oko Awo Street"
Nigeria Incentive- Based Risk Sharing System for Agricultural Lending (NIRSAL),Abuja,Development Sector,Funding,Loan Providers,,Male,Aliyu A. Abdulhameed,https://nirsal.com,info@nirsal.com,+234(0)813 988 2220,https://www.facebook.com/nirsalconnect/,https://www.instagram.com/nirsalplc/,https://www.linkedin.com/company/nirsalconnect/,https://twitter.com/nirsalconnect,"1581, Tigris Crescent"
Oxfam,Abuja,Development Sector,Funding,Grant Providers,,Female,Cecil Jackson-Cole,https://nigeria.oxfam.org,,+234 7086 625 290,https://www.facebook.com/OxfaminNigeria,,,https://twitter.com/Oxfaminnigeria,"11, Ganges Street, Off Alvan Ikoku Way"
Sahara Group,Lagos,Development Sector,Funding,Grant Providers,,Male,Tonye Patrick Cole,http://www.sahara-group.com/,sahara@sahara-group.com,,https://www.facebook.com/iamsaharagroup/,,https://www.linkedin.com/company/sahara-group_374981/?originalSubdomain=ng,,"7A, Fowler Road"
Shell LiveWire,Lagos,Development Sector,Funding,Grant Providers,,Male,Ben van Beurden,https://ng.livewire.shell,ShellNigeria@Shell.com,8070322234,https://www.facebook.com/Shell,https://www.instagram.com/shell/,https://www.linkedin.com/company/shell/,https://twitter.com/Shell_Nigeria,"21/22, Freeman House"
Tony Elumelu Foundation,Lagos,Development Sector,Funding,Grant Providers,,Male,Tony Elumelu,http://www.tonyelumelufoundation.org/,enquiries@tonyelumelufoundation.org,234 1 2774641 5,https://www.facebook.com/thetonyelumelufoundation/,https://www.instagram.com/tonyelumelufoundation/,https://www.linkedin.com/company/tony-elumelu-foundation/,https://twitter.com/TonyElumeluFDN,"1, MacGregor Road"
Alitheia Capital,Lagos,Private Sector,Funding,Equity Funders,Venture Capital,Female,Tokunboh Ishmael,http://www.thealitheia.com,info@thealitheia.com,,,,https://www.linkedin.com/company/alitheia-capital/?originalSubdomain=ng,https://twitter.com/thealitheia?lang=en,"22b, 2nd floor (the UBA Building), Idowu Taylor Street"
GreenHouse Capital,Lagos,Private Sector,Funding,Equity Funders,Venture Capital,Male,Kunmi Demuren,http://greenhouse.capital,info@greenhouse.capital,,https://www.facebook.com/GreenHouseCap/about/,https://www.instagram.com/greenhousecapital/?hl=en,https://www.linkedin.com/company/greenhouse-capital-africa/?originalSubdomain=ng,https://twitter.com/GreenHouseCap_?ref_src=twsrc%5Egoogle%7Ctwcamp%5Eserp%7Ctwgr%5Eauthor," 42, Vibranium Valley, Local Airport Road"
Growth Capital,Lagos,Private Sector,Funding,Loan Providers,,Male,Bosun Tijani,https://gc.fund,info@gc.fund,+234 (01) 2934177,https://www.facebook.com/nextgenfund,,,https://twitter.com/nextgenfund,"294, Herbert Macaulay Way"
Doreo Partners,,Private Sector,Funding,Equity Funders,Venture Capital,,,,,,,,,https://twitter.com/doreopartners?lang=en,
Echo VC,Lagos,Private Sector,Funding,Equity Funders,Venture Capital,Male,Eghosa Omoigui,http://www.echovc.com/contact,,,,,,https://twitter.com/echovc?lang=en,"33, Waziri Ibrahim Cres"
Lagos Angel Network (LAN),Lagos,Private Sector,Funding,Equity Funders,Angel Investors,Male,Harry Tomi Davies,https://lagosangelnetwork.net,secretariat@lagosangelnetwork.net,,https://www.facebook.com/ekonetwork/,,,https://twitter.com/EkoNetwork,"17,  Chapel Street, Off Commercial Avenue"
Omidyar Network,,Private Sector,Funding,Grant Providers,,Male,Pierre Omidyar,https://omidyar.com,,,,,,,
Private Sector Health Alliance of Nigeria (PHN),Lagos,Private Sector,Funding,Equity Funders,,Male,Muntaqa Umar-sadiq,http://www.pshan.org/,communications@pshan.org,(01)4549079,https://web.facebook.com/Private-Sector-Health-Alliance-699885250056642/?_rdc=1&_rdr,https://www.instagram.com/phn_alliance/,,https://twitter.com/phn_alliance,"6th Floor Zenon House, 2, Ajose Adeogun"
Singularity Investments,Lagos,Private Sector,Funding,Equity Funders,Venture Capital,Male,Sam Darwish,https://www.singularityinvest.com,InfoAfrica@singularityinvest.com,+234 (0) 809 146 6964,,,https://www.linkedin.com/company/singularity-investments,https://twitter.com/singularityinv,"24 , Balarabe Musa Crescent"
Co- Creation Hub (CCHub),Lagos,Private Sector,Funding,Equity Funders,Venture Capital,Male,Bosun Tijani,https://cchubnigeria.com,info@cchubnigeria.com,+234 (01) 2950555,https://www.facebook.com/CcHUBNigeria/,https://www.instagram.com/cchubnigeria/,https://www.linkedin.com/company/co-creation-hub/,https://twitter.com/Cc_HUB,"294 , Herbert Macaulay Way, Sabo"
Ventures Platform,,Private Sector,Funding,Equity Funders,Venture Capital,Male,Kola Aina,www.venturesplatform.com,hello@venturesplatform.com,234 809 041 5327,https://web.facebook.com/VPlatformHub/?ref=bookmarks&_rdc=1&_rdr,https://www.instagram.com/vplatformhub/,,https://twitter.com/vplatformhub,"Legacy place, Plot 1619 Danmole Street, Off Idejo Street, Victoria Island"
Farmcrowdy,Lagos,Private Sector,Funding,Crowdfunding,,Male,Onyeka Akumah,https://farmcrowdy.com,nfo@farmcrowdy.com,+234 706 796 3016,https://www.facebook.com/farmcrowdy,https://www.instagram.com/farmcrowdyng/,https://www.linkedin.com/company/farmcrowdy/,https://twitter.com/farmcrowdy,"No 2, Opeyemisi Bamidele Crescent, Off Freedom Way, Ikate"
FUNDANENTERPRISE,Lagos,Private Sector,Funding,Crowdfunding,,,,https://fundanenterprise.org,support@fundanenterprise.org,(234) 903 002 2124,https://fundanenterprise.org/aboutus/?share=facebook&nb=1,,https://fundanenterprise.org/aboutus/?share=linkedin&nb=1,https://fundanenterprise.org/aboutus/?share=twitter&nb=1,"26 Chief Paddy Offor Street, Greenfield Estate, Ago Palaceway, Okota, Lagos"
Imeela,Abia,Private Sector,Funding,Crowdfunding,,,,https://imeela.com,info@imeela.com,+41 (0) 78 310 8275,https://www.facebook.com/imeeela?fref=ts,https://www.instagram.com/imeela_ng/,,https://twitter.com/imeela_NG,"109, St. Michael’s Road"
The Next Economy,,Private Sector,Funding,Loan Providers,,Male,Amanda Cahill,http://www.next-economy.com/,info@next-economy.com,,https://www.facebook.com/thenexteconomy,,,,
CRC Credit Bureau,Lagos,Private Sector,Funding,Loan Providers,,Male,Popoola Ahmed Tunde,http://www.crccreditbureau.com,contactus@crccreditbureau.com,0807 209 0622,https://www.facebook.com/CRCCreditBureau,https://www.instagram.com/CRCCreditBureau/,https://www.linkedin.com/company/credit-reference-company/,https://twitter.com/CRCCreditBureau,"26, 2nd Floor, 26 McCarthy Street"
Enhancing Financial Innovation & Access (EFInA),Lagos,Private Sector,Funding,Loan Providers,,Female,Ashley Immanuel,https://www.efina.org.ng/contact-us/,info@efina.org.ng,+234 1 2931091,https://www.facebook.com/efinanigeria/,https://www.instagram.com/efina_nigeria/?hl=en,https://www.linkedin.com/company/efina/?originalSubdomain=ng,https://twitter.com/efina_nigeria?lang=en,"No 11b,  Ilabere Avenue, off Macpherson road"
National Collateral Registry of Nigeria,Abuja,Public Sector,Funding,Loan Providers,,,,www.ncr.gov.ng,,234 90624 76801,Facebook.com/collateralregng,instagram.com/collateralregistryng,,Twitter.com/NGCollateralREG,"1581, Tigris Crescent"
XDS Credit Bureau,Lagos,Private Sector,Funding,Loan Providers,,Female,Mobolanle Adesanya,https://firstcentralcreditbureau.com,info@firstcentralcreditbureau.com,,https://www.facebook.com/firstcentralng,,,https://twitter.com/firstcentralng,"37/37A , Raymond Njoku Street"
Nigerian Export- Import (NEXIM) Bank,Abuja,Public Sector,Market Access,Organizations,,Male,Abubakar A. Bello,https://neximbank.com.ng,neximabj@neximbank.com.ng,(+234) 9 4603630 – 9,https://www.facebook.com/Neximbank/,https://www.instagram.com/neximbank/?hl=en,https://www.linkedin.com/company/nigerian-export-import-bank---nexim/,https://twitter.com/NeximBank,"975, Cadastral Zone AO, Central Business District"
Nigerian Export Promotion Council (NEPC),Abuja,Public Sector,Market Access,Organizations,,Male,Olusegun Awolowo,https://nepc.gov.ng,ceo@nepc.gov.ng,+234 (9) 462 1555,https://www.facebook.com/TheNEPC/,,,,"Plot 424, Aguiyi Ironsi Street"
AFEX Holdings,Lagos,Private Sector,Market Access,Organizations,,Male,Ayodeji Balogun,,,,,,,,
Babban Gona,Lagos,Private Sector,Market Access,Organizations,,Male,Kola Masha,http://www.babbangona.com/,info@babbangona.com,,https://www.facebook.com/OfficialBabbanGona/,https://www.instagram.com/babban.gona/?fbclid=IwAR0xA2yZgmLnvtgkV14kYBbTW9is_uQwBGdgX1HzwXZnXiQ2-0qanj_b6Zk,,https://twitter.com/BabbanGona?fbclid=IwAR0xA2yZgmLnvtgkV14kYBbTW9is_uQwBGdgX1HzwXZnXiQ2-0qanj_b6Zk,"12, Professor Olagoke Olabisi Street"
Institute of Export Operations Management (IOEM),Rivers,Private Sector,Market Access,Organizations,,Male,Udofia ofonasaha,http://www.ieom-ng.org/,info@ieom-ng.org,+234 808 302 9491,https://www.facebook.com/ieomng,https://www.instagram.com/ieomng/,https://www.linkedin.com/company/institute-of-export-operations-and-management-ieom-nigeria/,https://twitter.com/ieomng,"158, Iwofe/University Road, Off Ada George"
Manufacturers Association of Nigeria (MAN),Lagos,Private Sector,Market Access,Organizations,,Male,Segun Ajayi Kadir,https://www.manufacturersnigeria.org,nfo@manufacturersnigeria.org,01-4542700,https://www.facebook.com/ManufacturersNigeria/,,,https://twitter.com/MAN_NGR?ref_src=twsrc%5Egoogle%7Ctwcamp%5Eserp%7Ctwgr%5Eauthor,"77, Obafemi Awolowo Way"
Quintessential Business Women Association,,Private Sector,Market Access,Organizations,,,,http://nqbwa.org/,,,https://www.facebook.com/QBWAafrica/,,,,
Wicklow Group,Lagos,Private Sector,Market Access,Organizations,,Male,Chinedu Okeke,https://wicklow-group.com,info@wicklow-group.com,0812 942 5569,,,,,"21 , Boyle Street"
Jumia,Lagos,Technology,Market Access,Tech Platforms,,Male,Jeremy Hodara,https://www.jumia.com.ng,,0700 600 0000,https://www.facebook.com/jumia.com.ng/,https://www.instagram.com/jumianigeria/,,https://twitter.com/JumiaNGHelp,"109 , Adeniyi Jones Ave"
Konga,Lagos,Technology,Market Access,Tech Platforms,,Male,Sim Shagaya,http://www.konga.com/,help@konga.com,7080635700,https://www.facebook.com/ShopKonga,https://www.instagram.com/shopkonga/,,https://twitter.com/shopkonga,"1, CIPM Road"
Jiji,,Technology,Market Access,Tech Platforms,,,,https://jiji.ng,support@jiji.ng,,https://www.facebook.com/Jiji.Nigeria,https://www.instagram.com/jijinigeria/,,https://twitter.com/jijinigeria,"350 Borno Way, Somolu"
Blue Hub,,Technology,Business support,Resources,,Female,Maryam Gwadabe,https://t.co/4lzd5Li6Be?amp=1,,,,,,https://twitter.com/bluehubng_?lang=en,
Co- Creation Hub (CCHub),Lagos,Technology,Business support,Resources,,Male,Bosun Tijani,https://cchubnigeria.com,info@cchubnigeria.com,+234 (01) 2950555,https://www.facebook.com/CcHUBNigeria/,https://www.instagram.com/cchubnigeria/,https://www.linkedin.com/company/co-creation-hub/,https://twitter.com/Cc_HUB,"294 , Herbert Macaulay Way, Sabo"
CoLab,Kaduna,Technology,Business support,Resources,,Male,Sanusi Ismaila,https://colab.com.ng,hi@colab.com.ng,2.35E+12,https://web.facebook.com/CoLabkd/?_rdc=1&_rdr,https://www.instagram.com/CoLabkd/,,https://twitter.com/CoLab_kd/,"4,  Barnawa Close"
Delta State Innovation Hub,Delta,Technology,Business support,Resources,,Male,Chris Uwaje,https://deltastateihub.com,support@deltastateihub.com,+234 904-222-3339 ,https://web.facebook.com/pages/Delta%20State%20Innovation%20Hub/382444678762184/?_rdc=1&_rdr,,,,"1, DBS Junction, Okpanam Rd, beside Zenith Bank"
Enspire Hub,Abuja,Technology,Business support,Resources,,Male,Bankole Oloruntoba,http://www.enspire.org.ng/,info@enspire.org.ng,0909 000 0952,https://web.facebook.com/enspireincubator/?_rdc=1&_rdr,https://www.instagram.com/enspireatv/,,https://twitter.com/enspireatv,"No 22, Aguiyi Ironsi Way, Maitama "
Founders Hub,Kwara,Technology,Business support,Resources,,Male,Adeyinka Adekeye,http://foundershub.xyz,contact@foundershub.xyz,+234 908 217 1728 ,,,,https://twitter.com/foundershubng/,"2, Onikanga Street"
Hebron StartUp Labs,Ogun,Technology,Business support,Resources,,,,http://startup.covenantuniversity.edu.ng/,startup@covenantuniversity.edu.ng,0817 758 3008,https://www.facebook.com/hebronstartup/,https://www.instagram.com/hebronstartup/,https://www.linkedin.com/company/hebron-startup-lab/?originalSubdomain=ng,https://twitter.com/hebronstartup?lang=en,"3rd floor, CUCRID Building, Covenant University"
Ideation Hub,,Technology,Business support,Resources,,Female,Debola Deji-Kurunmi,,,,,,,,
Leadpath Nigeria,Lagos,Technology,Business support,Resources,,Male,Olumide Soyombo,http://leadpath.com.ng/,,,https://www.facebook.com/leadpathng/,,,https://twitter.com/leadpathng?lang=en,"70, Olonode Street, Off Hughes Avenue"
NHub,Jos,Technology,Business support,Resources,,Male,Daser David,http://nhubnigeria.com,info@nhubnigeria.com,(+234) 806-889-7177,https://web.facebook.com/nHubNigeria/?_rdc=1&_rdr,https://www.instagram.com/nhub_ng/?hl=en,https://www.linkedin.com/company/nhub/?originalSubdomain=ng,https://twitter.com/nhubng?lang=en,"3rd Floor, TAEN Business Complex, Opposite former NITEL Office"
OlotuSquare,Rivers,Technology,Business support,Resources,,Male,Bruce Lucas,https://olotusquare.co,hello@olotusquare.co,+234 (0) 9067719044,https://web.facebook.com/olotusquare?_rdc=1&_rdr,https://www.instagram.com/olotusquare/,https://www.linkedin.com/company/olotusquare/,https://twitter.com/olotusquare,"1, Khana Street, D/Line"
Passion Incubator,Lagos,Technology,Business support,Resources,,Male,Olufunbi Falayi,http://www.passionincubator.ng/,nfo@passionincubator.ng,23433579178,https://web.facebook.com/passionincubator/?_rdc=1&_rdr,https://www.instagram.com/p_incubator/?hl=en,https://www.linkedin.com/company/passion-incubator/?originalSubdomain=ng,https://twitter.com/p_incubator?lang=en,"70 , Olonode Street"
ROAR Nigeria Hub,Enugu,Technology,Business support,Resources,,Male,Charles Emembolu,http://www.roarnigeria.org/,info@roarnigeria.org,0809 941 3182,https://web.facebook.com/roarnigeria/?_rdc=1&_rdr,https://www.instagram.com/roar_nigeria/,https://www.linkedin.com/in/roar-nigeria-hub-047098142/,https://twitter.com/roar_nigeria,"Beside CEC, directly behind Faculty of Art Theater Building, University of Nigeria Nsukka"
Root Hub,Akwa Ibom,Technology,Business support,Resources,,Male,Tony Onuk,http://theroothub.com/,info@theroothub.com,0809 242 7901,https://web.facebook.com/theroothub/?_rdc=1&_rdr,https://www.instagram.com/theroothub/,,https://twitter.com/theroothub/,"Akees Plaza, Opp Ibom Hall"
SPARK,Lagos,Technology,Business support,Resources,,Male,Chinedu Amah,http://www.thesparkng.com/,contribute@thesparkng.com,,https://web.facebook.com/thesparkng/?_rdc=1&_rdr,https://www.instagram.com/thesparkng/?hl=en,,https://twitter.com/thesparkng?lang=en,"21, Military Street, Off King George V Street"
Start Innovation Hub,Akwa Ibom,Technology,Business support,Resources,,Male,Hanson Johnson,http://www.starthub.com.ng/,email@starthub.com.ng,0909 000 9216,https://web.facebook.com/starthubtech/?_rdc=1&_rdr,https://www.instagram.com/starthubtech/?hl=en,https://www.linkedin.com/showcase/start-innovation-hub/,,"264, Oron road"
StartPreneurs,Abuja,Technology,Business support,Resources,,Female,Jennifer Chizua,http://www.startpreneurs.com.ng/,info@startpreneurs.com.ng,+234 814 042 4240,https://web.facebook.com/startpreneurs/?_rdc=1&_rdr,https://www.instagram.com/startpreneurs/,,https://twitter.com/startpreneurs?lang=en,"50, Ebitu Ukiwe Street"
StoneBricks Hub,Abuja,Technology,Business support,Resources,,Female,Omotola Agbi,http://www.stonebrickshub.com/,info@stonebricksgroup.com,0909 320 9133,https://web.facebook.com/StoneBricksHub/?_rdc=1&_rdr,https://www.instagram.com/stonebricks_hub/,,https://twitter.com/Stonebricks_hub,"10, Danube Close, Off Danube Street, Off IBB Boulevard,"
Technology Development for Poverty Alleviation Initiative (TD4PAI),Abuja,Technology,Business support,Resources,,,,http://www.td4pai.org,td4pai@gmail.com, (+234) 8038198759,https://web.facebook.com/td4pai?_rdc=1&_rdr,,,https://twitter.com/td4pai,"32, Pasali New Extension, Off Lanto Road"
Technology Incubation Center,,Technology,Business support,Resources,,Female,Rosaline G. Agiamoh,http://www.tangenthub.ng/,info@tangenthub.com.ng,0809 456 2884,https://web.facebook.com/TangentHubNG/?_rdc=1&_rdr,https://www.instagram.com/TangentHubNG/?fbclid=IwAR1Dnr6I86z9BJ9YLSY5KMDAz1gl6wGl7OTDBLPV7807d_Bg7VCSx08E2UI,,https://twitter.com/Tangent_Hub?fbclid=IwAR1T6l__smSFfCZ2fpshNWd9PuQc2vnievU6OqAET8wR-Vi9i_x2C84ifDQ,
The Tangent Eco- Innovation Hub,Abuja,Technology,Business support,Resources,,Male,Dami Lawal,,,,,,,,"2, 3rd Floor , NEPZA Building, Zambezi Crescent"
Ventures Platform,,Technology,Business support,Resources,,Male,Kola Aina,www.venturesplatform.com,hello@venturesplatform.com,234 809 041 5327,https://web.facebook.com/VPlatformHub/?ref=bookmarks&_rdc=1&_rdr,https://www.instagram.com/vplatformhub/,,https://twitter.com/vplatformhub,"Legacy place, Plot 1619 Danmole Street, Off Idejo Street, Victoria Island"
We Hub,,Technology,Business support,Resources,,,,,,,,,,,
Wennovation Hub,Oyo,Technology,Business support,Resources,,Male,Wole Odetayo,http://www.wennovationhub.org/,enquiries@wennovationhub.org,0909 000 2648,https://web.facebook.com/wennovationhub?_rdc=1&_rdr,,,https://twitter.com/wennovation,"3rd Floor Alpha and Omega Building, Queen Elizabeth II Road, Mokola"
MSMEHub,Lagos,Technology,Business support,Resources,,,,https://msmehub.org,msmehub@fatefoundation.org,0817 874 4722,https://www.facebook.com/FATEmsmehub,https://www.instagram.com/msmehub/,https://www.linkedin.com/company/msmehub/,https://twitter.com/MsmeHub,"1st Floor, Lagos State Water Corporation, Water House,"
SME Toolkit nigeria,,Technology,Business support,Resources,,,,https://smetoolkit.ng/,edc@smetoolkit.ng,,https://www.facebook.com/SMEToolkit.NG/,,,https://twitter.com/smetoolkitng?lang=en,
SMEDAN Credit Information Portal,Abuja,Technology,Business support,Resources,,,,https://smedan.gov.ng, info@smedan.gov.ng,0807 132 0380,https://www.facebook.com/smedaninfo,,,https://twitter.com/smedaninfo,"No 35, Port Harcourt Crescent , Off Gimbiya Street"
TechPoint,Lagos,Technology,Business support,Resources,,Male,Adewale Yusuf,https://techpoint.africa/,info@techpoint.africa,0818 601 6629,https://www.facebook.com/TechpointAfrica/,https://www.instagram.com/techpointafrica/,https://www.linkedin.com/company/techpoint-ng/,https://twitter.com/techpointdotng,"8, Adebayo Mokuolu street, Beside Hotel Newcastle"
PKF Nigeria,Lagos,Private Sector,Business support,Business Advisory,Tax,Male,Tajudeen A. Akande,http://www.pkf-ng.com,lagos@pkf-ng.com,234 9030001351,https://web.facebook.com/PkfProfessionalServices/?_rdc=1&_rdr,,,https://twitter.com/PKFNigeria,"PKF House, 205A Ikorodu Road, Obanikoro"
PWC Nigeria,Lagos,Private Sector,Business support,Business Advisory,Tax,Male,Bob Moritz,https://www.pwc.com/ng/en.html,ng_pwc.enquiry@pwc.com,[+234] (1) 2711700,https://www.facebook.com/PwCNigeria,,https://www.linkedin.com/company/pwc_nigeria,https://twitter.com/PwC_Nigeria,
KPMG Group,Lagos,Private Sector,Business support,Business Advisory,Tax,Male,William B. Thomas,https://home.kpmg/ng/en/home.html,helpdesk@ng.kpmg.com,+234 1 271 8955,https://www.facebook.com/kpmg.ng?ref=aymt_homepage_panel,https://www.instagram.com/kpmg_nigeria/,https://www.linkedin.com/company/kpmg_nigeria/?report%2Esuccess=KJ_KkFGTDCfMt-A7wV3Fn9Yvgwr02Kd6AZHGx4bQCDiP6-2rfP2oxyVoEQiPrcAQ7Bf,https://twitter.com/kpmg_ng,"KPMG Tower, Bishop Aboyade Cole Street"
PKF Nigeria,Lagos,Private Sector,Business support,Business Advisory,Book-Keeping,Male,Tajudeen A. Akande,http://www.pkf-ng.com,lagos@pkf-ng.com,234 9030001351,https://web.facebook.com/PkfProfessionalServices/?_rdc=1&_rdr,,,https://twitter.com/PKFNigeria,"PKF House, 205A Ikorodu Road, Obanikoro"
Workforce Group,Lagos,Private Sector,Business support,Business Advisory,Human Resources,Male,Foluso Aribisala,https://workforcegroup.com,hello@workforcegroup.com,090 3194 6744,https://www.facebook.com/workforcegroupng,https://www.instagram.com/workforcegroup/,https://www.linkedin.com/company/workforce-group,https://twitter.com/workforce_group,"Plot 9, Gbagada Industrial Scheme, beside UPS, Gbagada-Oworonshoki Expressway, Lagos"
MyJobMag,Lagos,Private Sector,Business support,Business Advisory,Human Resources,,,https://www.myjobmag.com/,services@myjobmag.com,7066839654,https://www.facebook.com/myjobmag,,https://www.linkedin.com/company/myjobmag-com/,https://twitter.com/myjobmag,"7 Atunwa Street, Ikeja, Lagos Nigeria"
Workforce Group,Lagos,Private Sector,Business support,Business Advisory,Mentoring,Male,Foluso Aribisala,https://workforcegroup.com,hello@workforcegroup.com,090 3194 6744,https://www.facebook.com/workforcegroupng,https://www.instagram.com/workforcegroup/,https://www.linkedin.com/company/workforce-group,https://twitter.com/workforce_group,"Plot 9, Gbagada Industrial Scheme, beside UPS, Gbagada-Oworonshoki Expressway, Lagos"
Alliance Law Firm,Lagos,Private Sector,Business support,Business Advisory,Legal,Male,Uche Val Obi,https://www.alliancelf.com/,info@alliancelf.com,234-1-9035352-5,https://www.facebook.com/AllianceLF/,,https://www.linkedin.com/company/alliancef/,https://twitter.com/AllianceLF,"Alliance House, 71 Ademola Street, SW Ikoyi, Lagos,"
Law Padi,Lagos,Private Sector,Business support,Business Advisory,Legal,Male,Babatunde Ibidapo-Obe,https://lawpadi.com,contact@lawpadi.com,,https://web.facebook.com/LawPadi/?_rdc=1&_rdr,https://www.instagram.com/lawpadi/,,https://twitter.com/lawpadi_,"10 Hughes Avenue, Alagomeji Yaba, Lagos, Nigeria"
Law Nation,Lagos,Private Sector,Business support,Business Advisory,Legal,,,https://lawnations.com,info@lawnations.com,8038625288,https://www.facebook.com/lawnationng,https://www.instagram.com/lawnation_/?hl=en,https://www.linkedin.com/company/lawnation/?viewAsMember=true,https://twitter.com/lawnation_,"33 Olowu Street, off Obafemi Awolowo Way, Ikeja. Lagos"
Advocaat Law Practice,Lagos,Private Sector,Business support,Business Advisory,Legal,,,http://www.advocaat-law.com,info@advocaat-law.com,234 (1) 2714042,,,https://www.linkedin.com/company/10171950,,"The Services Room, 3rd Floor Law Union House, 14, Hughes Avenue, Yaba"
Resolution Law Firm,Lagos,Private Sector,Business support,Business Advisory,Legal,Male,Olusola Jegede,https://www.resolutionlawng.com,info@resolutionlawng.com,01-453 6833,https://www.facebook.com/resolutionlawfirm?_rdc=1&_rdr,https://www.instagram.com/resolutionlawfirm/,https://www.linkedin.com/company/resolution-law-firm/,https://twitter.com/resolutionlawng,"Second Floor, Alphon House, N0 50/52, Toyin Street, Ikeja, Lagos"
FATE Foundation,Lagos,Development Sector,Business support,Business Advisory,Mentoring,Male,Fola Adeola,http://www.fatefoundation.org,info@fatefoundation.org,234701 130 5444,https://www.facebook.com/FateFoundation/,https://www.instagram.com/fatefoundation,https://www.instagram.com/fatefoundation,https://twitter.com/FATEFoundation,"st Floor, Lagos State Water Corporation, Water House,"
Entrepreneurship Development Centre - Northeast,Borno,Development Sector,Business support,Business Advisory,Mentoring,,,www.edcnortheast.com.ng,info@edcnortheast.com.ng,8065947021,,,,,"Old Informatics Institute, Njimtillo, Kano Road"
Entrepreneurship Development Centre - Southwest,Oyo,Development Sector,Business support,Business Advisory,Mentoring,,,http://www.edcsouthwest.org/,info@edcsouthwest.org,+234 809 7314 264,https://www.facebook.com/cbnedcsw,,,https://twitter.com/CBN_EDCsw,"Old Social Development Training Centre, Along Sango-UI Road"
Entrepreneurship Development Centre - Southsouth,,Development Sector,Business support,Business Advisory,Mentoring,,,https://ssedc.ng/,info@ssedc.org,7012823985,https://www.facebook.com/SSEDC/,https://www.instagram.com/southsouthedc/,https://www.linkedin.com/company/cbn-south-south-entrepreneurship-development-centre/,,
StartPreneurs,Abuja,Technology,Business support,Business Advisory,Mentoring,Female,Jennifer Chizua,http://www.startpreneurs.com.ng/,info@startpreneurs.com.ng,+234 814 042 4240,https://web.facebook.com/startpreneurs/?_rdc=1&_rdr,https://www.instagram.com/startpreneurs/,,https://twitter.com/startpreneurs?lang=en,"50, Ebitu Ukiwe Street"
Co- Creation Hub (CCHub),Lagos,Technology,Business support,Business Advisory,Mentoring,Male,Bosun Tijani,https://cchubnigeria.com,info@cchubnigeria.com,+234 (01) 2950555,https://www.facebook.com/CcHUBNigeria/,https://www.instagram.com/cchubnigeria/,https://www.linkedin.com/company/co-creation-hub/,https://twitter.com/Cc_HUB,"294 , Herbert Macaulay Way, Sabo"
Delta State Innovation Hub,Delta,Technology,Business support,Business Advisory,Mentoring,Male,Chris Uwaje,https://deltastateihub.com,support@deltastateihub.com,+234 904-222-3339 ,https://web.facebook.com/pages/Delta%20State%20Innovation%20Hub/382444678762184/?_rdc=1&_rdr,,,,"1, DBS Junction, Okpanam Rd, beside Zenith Bank"
Founders Hub,Kwara,Technology,Business support,Business Advisory,Mentoring,Male,Adeyinka Adekeye,http://foundershub.xyz,contact@foundershub.xyz,+234 908 217 1728 ,,,,https://twitter.com/foundershubng/,"2, Onikanga Street"
Hebron StartUp Labs,Ogun,Technology,Business support,Business Advisory,Mentoring,,,http://startup.covenantuniversity.edu.ng/,startup@covenantuniversity.edu.ng,0817 758 3008,https://www.facebook.com/hebronstartup/,https://www.instagram.com/hebronstartup/,https://www.linkedin.com/company/hebron-startup-lab/?originalSubdomain=ng,https://twitter.com/hebronstartup?lang=en,"3rd floor, CUCRID Building, Covenant University"
Passion Incubator,Lagos,Technology,Business support,Business Advisory,Mentoring,Male,Olufunbi Falayi,http://www.passionincubator.ng/,nfo@passionincubator.ng,23433579178,https://web.facebook.com/passionincubator/?_rdc=1&_rdr,https://www.instagram.com/p_incubator/?hl=en,https://www.linkedin.com/company/passion-incubator/?originalSubdomain=ng,https://twitter.com/p_incubator?lang=en,"70 , Olonode Street"
Office for ICT Innovation & Entrepreneurship (OIIE),Abuja,Development Sector,Business support,Business Advisory,Mentoring,Female,Dr Amina Sambo-Magaji,http://ictinnovation.gov.ng/,info@ictinnovation.gov.ng,+234 909 788 8885,,,,,"5, Donau crescent off, Amazon Street"
Small and Medium Enterprise Development Agency of Nigeria (SMEDAN),Abuja,Public Sector,Business support,Resources,,Male,Dr. Dikko Umaru Radda,https://smedan.gov.ng, info@smedan.gov.ng,0807 132 0380,https://www.facebook.com/smedaninfo,,,https://twitter.com/smedaninfo,"No 35, Port Harcourt Crescent , Off Gimbiya Street"
Cherie Blair Foundation,,Development Sector,Business support,Mentoring,,Female,Cherie Blair,http://www.cherieblairfoundation.org/,enquiries@cherieblairfoundation.org,+44 20 7258 3139,https://www.facebook.com/cherieblairfndn,https://www.instagram.com/cherieblairfndn/,https://www.linkedin.com/company/cherie-blair-foundation-for-women/,https://twitter.com/CherieBlairFndn,
FATE Foundation,Lagos,Development Sector,Business support,Mentoring,,Male,Fola Adeola,http://www.fatefoundation.org,info@fatefoundation.org,234701 130 5444,https://www.facebook.com/FateFoundation/,https://www.instagram.com/fatefoundation,https://www.instagram.com/fatefoundation,https://twitter.com/FATEFoundation,"st Floor, Lagos State Water Corporation, Water House,"
Generation Enterprise,,Development Sector,Business support,Mentoring,,Male,Bunmi Otegbade,http://www.generationenterprise.org/,sayhello@generationenterprise.com,,,,,,
Growing Business Foundation,Lagos,Development Sector,Business support,Business Advisory,,Female,Ndidi Edozien,https://gbfng.org,info@gbfng.org,(+3) 1800 555 2626,https://web.facebook.com/growingbusinessesfoundation/?_rdc=1&_rdr,,,,"160, Bamgbose Street (Behind City Hall)"
Private Sector Health Alliance of Nigeria (PHN),Lagos,Development Sector,Business support,Resources,,Male,Muntaqa Umar-sadiq,http://www.pshan.org/,communications@pshan.org,(01)4549079,https://web.facebook.com/Private-Sector-Health-Alliance-699885250056642/?_rdc=1&_rdr,https://www.instagram.com/phn_alliance/,,https://twitter.com/phn_alliance,"6th Floor Zenon House, 2, Ajose Adeogun"
She Leads Africa,,Development Sector,Business support,Mentoring,,,,http://www.sheleadsafrica.org/,info@sheleadsafrica.org,,https://www.facebook.com/sheleadsafrica/,https://www.instagram.com/sheleadsafrica/,,https://twitter.com/SheLeadsAfrica,
Women in Management Business and Public Service (WIMBIZ),Lagos,Development Sector,Business support,Mentoring,,Female,Hansatu Adegbite,https://wimbiz.org,wimbiz@wimbiz.org,+234 803 494 6249,https://web.facebook.com/wimbizng/,https://www.instagram.com/wimbizng/,,https://twitter.com/wimbiz,"200B , sale Eko Avenue. Dolphin Estate"
"Enterprise Development Center, (EDC) Pan Atlantic University",Lagos,Private Sector,Business support,Resources,,Male,Mr. Peter Bamkole,https://www.pau.edu.ng/units/edc/,info@pau.edu.ng,+234 902 712 3425,https://web.facebook.com/PanAtlanticUniversity?_rdc=1&_rdr,,,https://twitter.com/PanAtlanticUni,"52, Lekki-Epe Expressway (Near Eleko Beach Junction)"
Kaduna Business School (KBS),Kaduna,Private Sector,Business support,Resources,,Male,Dahiru Sani,,, 0816 353 0245,,,,,"17,  Gobarau Road"
Blue Hub,,Technology,Business support,Incubators,,Female,Maryam Gwadabe,https://t.co/4lzd5Li6Be?amp=1,,,,,,https://twitter.com/bluehubng_?lang=en,
Co- Creation Hub (CCHub),Lagos,Technology,Business support,Incubators,,Male,Bosun Tijani,https://cchubnigeria.com,info@cchubnigeria.com,+234 (01) 2950555,https://www.facebook.com/CcHUBNigeria/,https://www.instagram.com/cchubnigeria/,https://www.linkedin.com/company/co-creation-hub/,https://twitter.com/Cc_HUB,"294 , Herbert Macaulay Way, Sabo"
CoLab,Kaduna,Technology,Business support,Incubators,,Male,Sanusi Ismaila,https://colab.com.ng,hi@colab.com.ng,2.35E+12,https://web.facebook.com/CoLabkd/?_rdc=1&_rdr,https://www.instagram.com/CoLabkd/,,https://twitter.com/CoLab_kd/,"4,  Barnawa Close"
Delta State Innovation Hub,Delta,Technology,Business support,Incubators,,Male,Chris Uwaje,https://deltastateihub.com,support@deltastateihub.com,+234 904-222-3339 ,https://web.facebook.com/pages/Delta%20State%20Innovation%20Hub/382444678762184/?_rdc=1&_rdr,,,,"1, DBS Junction, Okpanam Rd, beside Zenith Bank"
Enspire Hub,Abuja,Technology,Business support,Incubators,,Male,Bankole Oloruntoba,http://www.enspire.org.ng/,info@enspire.org.ng,0909 000 0952,https://web.facebook.com/enspireincubator/?_rdc=1&_rdr,https://www.instagram.com/enspireatv/,,https://twitter.com/enspireatv,"No 22, Aguiyi Ironsi Way, Maitama "
Founders Hub,Kwara,Technology,Business support,Incubators,,Male,Adeyinka Adekeye,http://foundershub.xyz,contact@foundershub.xyz,+234 908 217 1728 ,,,,https://twitter.com/foundershubng/,"2, Onikanga Street"
Hebron StartUp Labs,Ogun,Technology,Business support,Incubators,,,,http://startup.covenantuniversity.edu.ng/,startup@covenantuniversity.edu.ng,0817 758 3008,https://www.facebook.com/hebronstartup/,https://www.instagram.com/hebronstartup/,https://www.linkedin.com/company/hebron-startup-lab/?originalSubdomain=ng,https://twitter.com/hebronstartup?lang=en,"3rd floor, CUCRID Building, Covenant University"
Ideation Hub,,Technology,Business support,Incubators,,Female,Debola Deji-Kurunmi,,,,,,,,
Leadpath Nigeria,Lagos,Technology,Business support,Incubators,,Male,Olumide Soyombo,http://leadpath.com.ng/,,,https://www.facebook.com/leadpathng/,,,https://twitter.com/leadpathng?lang=en,"70, Olonode Street, Off Hughes Avenue"
NHub,Jos,Technology,Business support,Incubators,,Male,Daser David,http://nhubnigeria.com,info@nhubnigeria.com,(+234) 806-889-7177,https://web.facebook.com/nHubNigeria/?_rdc=1&_rdr,https://www.instagram.com/nhub_ng/?hl=en,https://www.linkedin.com/company/nhub/?originalSubdomain=ng,https://twitter.com/nhubng?lang=en,"3rd Floor, TAEN Business Complex, Opposite former NITEL Office"
OlotuSquare,Rivers,Technology,Business support,Incubators,,Male,Bruce Lucas,https://olotusquare.co,hello@olotusquare.co,+234 (0) 9067719044,https://web.facebook.com/olotusquare?_rdc=1&_rdr,https://www.instagram.com/olotusquare/,https://www.linkedin.com/company/olotusquare/,https://twitter.com/olotusquare,"1, Khana Street, D/Line"
Passion Incubator,Lagos,Technology,Business support,Incubators,,Male,Olufunbi Falayi,http://www.passionincubator.ng/,nfo@passionincubator.ng,23433579178,https://web.facebook.com/passionincubator/?_rdc=1&_rdr,https://www.instagram.com/p_incubator/?hl=en,https://www.linkedin.com/company/passion-incubator/?originalSubdomain=ng,https://twitter.com/p_incubator?lang=en,"70 , Olonode Street"
ROAR Nigeria Hub,Enugu,Technology,Business support,Incubators,,Male,Charles Emembolu,http://www.roarnigeria.org/,info@roarnigeria.org,0809 941 3182,https://web.facebook.com/roarnigeria/?_rdc=1&_rdr,https://www.instagram.com/roar_nigeria/,https://www.linkedin.com/in/roar-nigeria-hub-047098142/,https://twitter.com/roar_nigeria,"Beside CEC, directly behind Faculty of Art Theater Building, University of Nigeria Nsukka"
Root Hub,Akwa Ibom,Technology,Business support,Incubators,,Male,Tony Onuk,http://theroothub.com/,info@theroothub.com,0809 242 7901,https://web.facebook.com/theroothub/?_rdc=1&_rdr,https://www.instagram.com/theroothub/,,https://twitter.com/theroothub/,"Akees Plaza, Opp Ibom Hall"
SPARK,Lagos,Technology,Business support,Incubators,,Male,Chinedu Amah,http://www.thesparkng.com/,contribute@thesparkng.com,,https://web.facebook.com/thesparkng/?_rdc=1&_rdr,https://www.instagram.com/thesparkng/?hl=en,,https://twitter.com/thesparkng?lang=en,"21, Military Street, Off King George V Street"
Start Innovation Hub,Akwa Ibom,Technology,Business support,Incubators,,Male,Hanson Johnson,http://www.starthub.com.ng/,email@starthub.com.ng,0909 000 9216,https://web.facebook.com/starthubtech/?_rdc=1&_rdr,https://www.instagram.com/starthubtech/?hl=en,https://www.linkedin.com/showcase/start-innovation-hub/,,"264, Oron road"
StartPreneurs,Abuja,Technology,Business support,Incubators,,Female,Jennifer Chizua,http://www.startpreneurs.com.ng/,info@startpreneurs.com.ng,+234 814 042 4240,https://web.facebook.com/startpreneurs/?_rdc=1&_rdr,https://www.instagram.com/startpreneurs/,,https://twitter.com/startpreneurs?lang=en,"50, Ebitu Ukiwe Street"
StoneBricks Hub,Abuja,Technology,Business support,Incubators,,Female,Omotola Agbi,http://www.stonebrickshub.com/,info@stonebricksgroup.com,0909 320 9133,https://web.facebook.com/StoneBricksHub/?_rdc=1&_rdr,https://www.instagram.com/stonebricks_hub/,,https://twitter.com/Stonebricks_hub,"10, Danube Close, Off Danube Street, Off IBB Boulevard,"
Technology Development for Poverty Alleviation Initiative (TD4PAI),Abuja,Technology,Business support,Incubators,,,,http://www.td4pai.org,td4pai@gmail.com, (+234) 8038198759,https://web.facebook.com/td4pai?_rdc=1&_rdr,,,https://twitter.com/td4pai,"32, Pasali New Extension, Off Lanto Road"
Technology Incubation Center,,Technology,Business support,Incubators,,Female,Rosaline G. Agiamoh,,,,,,,,
The Tangent Eco- Innovation Hub,Abuja,Technology,Business support,Incubators,,Male,Dami Lawal,http://www.tangenthub.ng/,info@tangenthub.com.ng,0809 456 2884,https://web.facebook.com/TangentHubNG/?_rdc=1&_rdr,https://www.instagram.com/TangentHubNG/?fbclid=IwAR1Dnr6I86z9BJ9YLSY5KMDAz1gl6wGl7OTDBLPV7807d_Bg7VCSx08E2UI,,https://twitter.com/Tangent_Hub?fbclid=IwAR1T6l__smSFfCZ2fpshNWd9PuQc2vnievU6OqAET8wR-Vi9i_x2C84ifDQ,
We Hub,,Technology,Business support,Incubators,,Male,,,,,,,,,
Wennovation Hub,Oyo,Technology,Business support,Incubators,,,Wole Odetayo,http://www.wennovationhub.org/,enquiries@wennovationhub.org,0909 000 2648,https://web.facebook.com/wennovationhub?_rdc=1&_rdr,,,https://twitter.com/wennovation,"3rd Floor Alpha and Omega Building, Queen Elizabeth II Road, Mokola"
Nigerian Association of Small and Medium Enterprises (NASME),Lagos,Private Sector,Business support,Resources,,Male,Prince Degun Agboade,https://nasmeonline.com,nasmenigeria2@gmail.com,7038711178,https://web.facebook.com/nasmengr/?_rdc=1&_rdr,,,https://twitter.com/nasmeng," 23A, Fatai Atere Way, Matori, Industrial Estate"
NECA’s Network of Entrepreneurial Women (NNEW),Lagos,Private Sector,Business support,Resources,,Female,Funmilayo Arowoogun,https://www.nnew.org,"info@nnew.org ,",234 909 000 0189,https://www.facebook.com/NNEWabuja/,https://www.instagram.com/nnewabuja/?hl=en,https://www.linkedin.com/in/nnewomen/?originalSubdomain=ng,https://twitter.com/Neca_NNEW,"Plot A2 , NECA House, Hakeem Balogun Street"
Lagos State Chambers of Commerce & Industry,Lagos,Public Sector,Business support,Resources,,Male,Muda Yusuf,https://www.lagoschamber.com,lcci@lagoschamber.com,(+234)1-277-1557,https://www.facebook.com/lagoschamber/,https://www.instagram.com/lagoschamber88/,,https://twitter.com/lagoschamber88,"No 1, Idowu Taylor Street"
"Federal Institute of Industrial Research, Oshodi (FIIRO)",Lagos,Public Sector,Research and Development,Research Organizations/Centres,,Female,MRS AGNES YEMISI ASAGBRA,https://www.fiiro.gov.ng/,info@fiiro.gov.ng,8023415016,https://www.facebook.com/fiiro_official-106121917949125?_rdc=1&_rdr,https://www.instagram.com/fiiro_official/,https://www.linkedin.com/company/federal-institute-of-industrial-research-oshodi?originalSubdomain=ng,https://twitter.com/FiiroOfficial,"3, FIIRO Road, Near Cappa Bus Stop, Off Agege Motor Road"
National Bureau of Statistics (NBS),Abuja,Public Sector,Research and Development,Research Organizations/Centres,,Male,Dr. Yemi Kale,www.nigerianstat.gov.ng,feedback@nigerianstat.gov.ng,234 8037 051701,https://www.facebook.com/NBSNigeria,,,https://twitter.com/nigerianstat,"Plot 762, Independence Avenue"
"Doing Business Unit, World Bank",,Public Sector,Research and Development,Research Organizations/Centres,,,,https://www.doingbusiness.org,,,https://www.facebook.com/DoingBusiness.org/,,,https://twitter.com/WB_Research,
Small and Medium Enterprise Development Agency of Nigeria (SMEDAN),Abuja,Public Sector,Research and Development,Research Organizations/Centres,,Male,Dr. Dikko Umaru Radda,https://smedan.gov.ng, info@smedan.gov.ng,0807 132 0380,https://www.facebook.com/smedaninfo,,,https://twitter.com/smedaninfo,"No 35, Port Harcourt Crescent , Off Gimbiya Street"
"Centre for Entrepreneurship and Innovation (CEI), University of Ibadan",Oyo,Development Sector,Research and Development,Research Organizations/Centres,,Female,Professor Oyedunni Arulogun,https://cei.ui.edu.ng, uientrep@gmail.com,+234 - 802 335 1506,,,,,"15,, Awolowo Avenue"
Institute of Entrepreneurship and Development Studies,,Development Sector,Research and Development,Research Organizations/Centres,,,,https://ifeds.oauife.edu.ng,,,,,,,
"Enterprise Development Center, (EDC) Pan Atlantic University",Lagos,Development Sector,Research and Development,Research Organizations/Centres,,Male,Mr. Peter Bamkole,https://www.pau.edu.ng/units/edc/,info@pau.edu.ng,+234 902 712 3425,https://web.facebook.com/PanAtlanticUniversity?_rdc=1&_rdr,,,https://twitter.com/PanAtlanticUni,"52, Lekki-Epe Expressway (Near Eleko Beach Junction)"
Aspen Network of Development Entrepreneurs (ANDE),,Development Sector,Research and Development,Research Organizations/Centres,,Male,Randall Kempner,https://www.andeglobal.org,ande.info@aspeninst.org,(202)736-2298,https://www.facebook.com/AspenANDE/,,https://www.linkedin.com/company/aspenande/,https://twitter.com/aspenande,
Enhancing Financial Innovation & Access (EFInA),Lagos,Development Sector,Research and Development,Research Organizations/Centres,,Female,Ashley Immanuel,https://www.efina.org.ng/contact-us/,info@efina.org.ng,+234 1 2931091,https://www.facebook.com/efinanigeria/,https://www.instagram.com/efina_nigeria/?hl=en,https://www.linkedin.com/company/efina/?originalSubdomain=ng,https://twitter.com/efina_nigeria?lang=en,"No 11b,  Ilabere Avenue, off Macpherson road"
FATE Foundation,Lagos,Development Sector,Research and Development,Research Organizations/Centres,,Male,Fola Adeola,http://www.fatefoundation.org,info@fatefoundation.org,234701 130 5444,https://www.facebook.com/FateFoundation/,https://www.instagram.com/fatefoundation,https://www.instagram.com/fatefoundation,https://twitter.com/FATEFoundation,"st Floor, Lagos State Water Corporation, Water House,"
Global Entrepreneurship Monitor,,Development Sector,Research and Development,Others,,,,https://www.gemconsortium.org,nfo@gemconsortium.org,,https://www.facebook.com/GEMonitor,,https://www.linkedin.com/company/global-entrepreneurship-monitor,https://twitter.com/gemnow,
TOMEB Foundation,Lagos,Development Sector,Research and Development,Others,,Male,Tunde Popoola,https://www.tomebfoundation.com,info@tomebfoundation.com,+234 (0) 805 460 5216,,,,,"Block A6 , Suite 42, Sura Shopping Complex"
Dalberg Global Development Advisors,Lagos,Private Sector,Research and Development,Others,,Male,Henrik Skovby,http://www.dalberg.com/,communications@dalberg.com,+234 8064604005,https://www.facebook.com/dalberg.global/,,https://www.linkedin.com/company/dalberg-global-development-advisors,https://twitter.com/DalbergTweet,"7, Ibiyinka Olorunbe"
Enhancing Financial Innovation & Access (EFInA),Lagos,Private Sector,Research and Development,Others,,Female,Ashley Immanuel,https://www.efina.org.ng/contact-us/,info@efina.org.ng,+234 1 2931091,https://www.facebook.com/efinanigeria/,https://www.instagram.com/efina_nigeria/?hl=en,https://www.linkedin.com/company/efina/?originalSubdomain=ng,https://twitter.com/efina_nigeria?lang=en,"No 11b,  Ilabere Avenue, off Macpherson road"
Institute of Entrepreneurship and Development Studies,,Private Sector,Research and Development,Others,,Male,Olajide Oke,,,,,,,,
KPMG Group,Lagos,Private Sector,Research and Development,Others,,Male,William B. Thomas,https://home.kpmg/ng/en/home.html,helpdesk@ng.kpmg.com,+234 1 271 8955,https://www.facebook.com/kpmg.ng?ref=aymt_homepage_panel,https://www.instagram.com/kpmg_nigeria/,https://www.linkedin.com/company/kpmg_nigeria/?report%2Esuccess=KJ_KkFGTDCfMt-A7wV3Fn9Yvgwr02Kd6AZHGx4bQCDiP6-2rfP2oxyVoEQiPrcAQ7Bf,https://twitter.com/kpmg_ng,"KPMG Tower, Bishop Aboyade Cole Street"
Àdìreworld,Lagos,Agribusiness,MSMEs and Startups,Others,,,,www.adireworld.com,adireworld@gmail.com,8108947111,,,,,"66, Thomas Animashaun, Aguda"
Ecotutu Limited,Lagos,Health,MSMEs and Startups,Others,,,,www.ecotutu.com,info@ecotutu.com,8028117382,Facebook.com/ecotutu,Instagram.com/ecotutultd,LinkedIn.com/company/ecotutu,Twitter.com/ecotutu,"324, Thomas Animashaun, Ojodu"
eVet Africa,Lagos,Technology,MSMEs and Startups,Others,,,,https://evetafrica.com,info@evetafrica.com,8103393894,,@evetafrica,,,"2, opp Jossy filling station Meiran, Alimosho"
Chekkit Technologies,Lagos,Agribusiness,MSMEs and Startups,Others,,,,www.chekkitapp.com,hello@chekkitapp.com,8147114822,https://facebook.com/Chekkitapp/,https://www.instagram.com/chekkitapp,https://linkedin.com/company/chekkit-app,https://twitter.com/Chekkitapp,"Road 1, Montgomery road, Yaba"
Machi Earth Foods,Lagos,Agribusiness,MSMEs and Startups,Others,,,,Machifoods.com,Nkechi@machifoods.com,9023033003,Machi Earth Foods,Instagram.com/machi.ng,,,"30, Lekki Gardens, Ajah"
Farmignite,Lagos,Health,MSMEs and Startups,Others,,,,www.farmignite.com,Info@farmignite.com,7041282481,www.facebook.com/farmignite,www.instagram.com/farmignite,,www.twitter.com/farmignite,"No. 2, Muyibat Oyefusi Crescent, Omole"
VoiceIT,Lagos,Agribusiness,MSMEs and Startups,Others,,,,Nill,Kemiobalisa@yahoo.com,7037352036,Nil,Voiceit_ap,Nil,@voiceIT_App,"162 Ak Street, Onitiri estate, Ojodu Berger"
Feed Afrique,Lagos,Agribusiness,MSMEs and Startups,Others,,,,www.feedafrique.com,fkoyeleke@gmail.com,2349058025285,,,,,"267, Ojodu Abiodun street, Ikorodu"
OFADA HUB_EXCLUSIVE,Lagos,Agribusiness,MSMEs and Startups,Others,,,,NIL,OFADAHUB@GMAIL.COM,9076749176,,,,,"19, AGEGE MOTOR ROAD, OLORUNSOGO BUS-STOP, MUSHIN"
Mainlotz Edge (Farmplify),Lagos,Manufacturing,MSMEs and Startups,Others,,,,www.farmplify.com,contact@farmplify.com,8162373022,http://www.facebook.com/mainlotzedge,http://instagram.com/mainlotzedge,https://www.linkedin.com/company/mainlotzedge,http://www.twitter.com/mainlotz,"No. 64, Yesufu Sanusi street, Adeniran Ogunsanya road, Surulere"
Keenah footwears,Kaduna,Creatives,MSMEs and Startups,Others,,,,Www.keenahfootwears. Com,Kinah3130@gmail.com,8065677241,,,,,"26 Usman Jibril Street, Ali Akilu, Barnawa , Kaduna south"
D.D Gazelle studios,Kaduna,Agribusiness,MSMEs and Startups,Others,,,,None yet,Nil,9023630379,,,,,"No 5, Narayi Highcost, Chikun"
Farmnovation Enterprise,Kaduna,Technology,MSMEs and Startups,Others,,,,https://wa.me/message/GCFKDKXKHFQAC1,Abuthbrand@gmail.com,7039037480,,,,,"A08, NDA Road, Kurmin Mashi"
De Able Brothers Prints,Kaduna,Technology,MSMEs and Startups,Others,,,,ablebrothersprints@gmail.com,ablebrothersprints@gmail.com,8037900580,@olawale ibrahim,@haftaj,,@ibrahim05390014,"No 2, Keffi Road by Lagos Street, Kaduna North"
Kantiok Utility,Kaduna,Education,MSMEs and Startups,Others,,,,www.kantiokutility.com,andykthomson@gmail.com,8067152111,https://www.facebook.com/andykanthomson,https://www.instagram.com/andrewkantiok/,https://www.linkedin.com/in/andrew-kantiok-628782180,https://twitter.com/andykanthomson/status/281692198959980544?s=20,"3, Yakowa Road, Gbagyi Villa Kaduna"
No Box Educational Services and Consultancy,Kaduna,Manufacturing,MSMEs and Startups,Others,,,,Nbeconsults.com,Nbeconsults@gmail.com,7030309798,,,,,"Shop 14&15 opposite hostel 1&2, Kawo Road"
iyby's Spot,Kaduna,Manufacturing,MSMEs and Startups,Others,,,,https://iybysspot.business.site/,iybysspot@gmail.com,8032845298,https://www.facebook.com/iybys/,@iybysspot,https://www.linkedin.com/in/mohammed-aminu-ibrahim-7143169b,@iybysspot,"CA 22, Ahmadu Bello University, Kongo Campus"
HBCLASSIC,Kaduna,Creatives,MSMEs and Startups,Others,,,,www.hbclassic.com,hbclassic0001@gmail.com,8161367726,Hbclassic0001@gmail.com,hb_classic_,,,"SF13, MUSAWA ROAD TUDUN WADA KADUNA"
Jagaban Signature,Kaduna,Creatives,MSMEs and Startups,Others,,,,https://www.facebook.com/Jagaban-Signature-111905053922510/,jagabansignature@gmail.com,8099775767,https://www.facebook.com/Jagaban-Signature-111905053922510/,@jagabansignature,,@jagabansignatu2,"B10 S&S shopping plaza Barnawa Kaduna, Shaba Ward"
701 Stitches,Kaduna,Agribusiness,MSMEs and Startups,Others,,,,@701stitches,Phumypeter@gmail.com,80893988846,701 Stitches,@701stitches,,,"15, Endwell Plaza Gombe Road by Abeokuta"
Primaxx Agro Enterprise Limited,Lagos,Agribusiness,MSMEs and Startups,Others,,,,www.,primaxxfeeds@gmail.com,9131400537,https://m.facebook.com/primaxxfeeds/?ref=bookmarks,https://www.instagram.com/primaxxfeeds/,,,"No 14B, Olurotimi Oniyo street, Ogba"
Bibi Pure and Natural Honey,Kaduna,Manufacturing,MSMEs and Startups,Others,,,,Nil,jbeatrice44@ymail.com,"07063162573, 07019200333",https://www.facebook.com/blekwot,,,,"No 4, mat estate abeokuta Ogun State"
Phunmite Creations,Ogun,Creatives,MSMEs and Startups,Others,,,,No 4 mat estate abeokuta Ogun State,anufunmi@yahoo.com,2348167332740,www.facebook.com/ phunmitecreations,www.instagram.com/phunmitecreations,,,"Suite 202, Fmc Abeokuta Ogun State, Abeokuta"
GerryBlinqz Consultancy,Edo,Technology,MSMEs and Startups,Others,,,,Nil,igwegerald@gmail.com,7069611075,https://www.facebook.com/pg/gerryblinqzconsultancy/posts/,,,,"2, Ku plaza Sapele road, opposite PZ road, Benin"
GraceMax Media,Edo,Technology,MSMEs and Startups,Others,,,,www.gracemaxmedia.com,info@gracemaxmedia.com,2347016812133,www.facebook.com/gracemaxmedia,www.instagram.com/gracemaxmedia,www.linkedIn.com/gracemaxmedia,www.twitter.com/gracemaxmedia,"08 Unity line Ova Market, Lucky Street, Ugbowo,"
Silvabest enterprise,Edo,Agribusiness,MSMEs and Startups,Others,,,,Www.silvabestenterprise.com,Peebest2funny@yahoocom,8034863281,,,,,"Industrial Development Center, Upper owina Evbuotubu, Oba Market, Benin City"
GLOPH Concept,Edo,Creatives,MSMEs and Startups,Others,,,,www.glophconcept.com,glophconcept@gmail.com,8063786315,www.facebook.com/glophchips,www.instagram.com/glophchips,,,"7, Off Agho, Off Ekenwa Road, Benin City"
Qordinates Mobile Car Wash Services,Edo,Creatives,MSMEs and Startups,Others,,,,www.qordinatesmobile.com,qordinates@gmail.com,8150508001,https://www.facebook.com/QordinatesMobile/,http://Instagram.com/qordinatesmobile,https://www.linkedin.com/in/osagie-samuel-ehizojie-qordinates-78712718a,https://twitter.com/Qordinatez,"4, Onyeobi Close, Omonkhalen, Federal government girls college road, Ugbowo"
PRICELESS LOOK,Edo,Creatives,MSMEs and Startups,Others,,,,https://www.facebook.com/pricelesslook9/,pricelesslook1@outlook.com,9936535670,https://www.facebook.com/pricelesslook9/,https://www.instagram.com/priceless_look/,,https://www.twitter.com/lookpriceless,"200 uselu market road, Ojomoh Street, Benin"
House of M and G,Edo,Technology,MSMEs and Startups,Others,,,,www.houseofmandg,m. ighama@yahoo.com,8169531633,house of m and g,,,,"5, Uselu Lagos road,  Dewosco Complex, Benin City"
Jamekofe Technologies Solution Limited,Ogun,Creatives,MSMEs and Startups,Others,,,,http://www.jamekofe.com.ng,Info@jamekofe.com.ng,8038218379,fb.com/jamekofe.tech,Jamekofe.technologies,,@jamekofe,"31,Bariga Road Gbagada Lagos, Surulere Street, Oke-Ilewo, Abeokuta"
Leyklean Services,Lagos,Creatives,MSMEs and Startups,Others,,,,www.leykleanservicesnig.com,leykleanservicesnig@gmail.com,8029485873,Leyklean Services,Leyklean_services,,Leyklean Services,"No 4, The Apostolic Church Street, 17, Redemption way off Mallot str Idomogun Ogijo, Bariga"
Timi bracelets and accessories,Ogun,Technology,MSMEs and Startups,Others,,,,Https://timi-bracelets.business.site/,timibracelets@gmail.com,8103500549,Facebook.com/ Timi Bracelets,Instagram.com/timibracelets,,,"A228, Apostolic church Street, Abeokuta"
Okadibia Ventures,Ogun,Agribusiness,MSMEs and Startups,Others,,,,www.facebook.com/okadibiaventures,okadibiaventures@outlook.com,8022799862,www.facebook.com/okadibiaventures,,,,"No 3, Itoku overhead Bridge, Abeokuta"
Yemdex-Prime ent.,Ogun,Creatives,MSMEs and Startups,Others,,,,None,eseyi79@gmail.com,8100408284,Yemdex-prime,Yemdex-prime,,,"No 4, alafiaa quarters iwesi, ijebu-ode"
EMPRESS 'TIANA BEADWORKS,Lagos,Creatives,MSMEs and Startups,Others,,,,www.facebook.com/empresstianabeadworks,empressotiana@gmail.com,8062480234,www.facebook.com/empresstianabeadworks,www.instagram.com/empresstianafashion,,,"Plot 208, Mike Okoruwa Avenue, Sheikh Avenue, Iba New Site"
Trinkles Clothier,Oyo,Technology,MSMEs and Startups,Others,,,,Not yet,trinklesclothier@gmail.com,7064248633,,,,,"96, Zone E, Aba Opa, Odo Ona Kekere"
Click Green Nigeria Limited,Edo,Manufacturing,MSMEs and Startups,Others,,,,www.cgnl.com.ng,info@cgnl.com.ng,7039549997,cgnlng,cgnlng,,,"No 3, Ekenwan Road, Benin City"
Zeemak GOD'SOWN Nigeria enterprises,Ogun,Creatives,MSMEs and Startups,Others,,,,Nil,Zeemakgod'sown@gmail.com,"08111743232, 07062185581",,,,,"2, Odoyanta road irewon, Irewon ijebu ode"
House 407 Fashion,Ogun,Agribusiness,MSMEs and Startups,Others,,,,https://house407ng.com,house407ng@gmail.com,7062027130,https://www.facebook.com/House407/,https://www.instagram.com/house407ng/,https://www.linkedin.com/in/temitope-aduke-oduleye-a4575940,,"23, Somolu street, onikoko, Adigbe road, Abeokuta"
Maik Preiz Integrated Services Limited,Edo,Creatives,MSMEs and Startups,Others,,,,non yet,sirmilky1@gmail.com,8062573468,Facebook.com/maikpreizintegratedservices,,,,"Opposite general hospital odogbolu, Abeokuta"
Oludele Adewale Photography,Ogun,Agribusiness,MSMEs and Startups,Others,,,,www.oludeleadewalephotography.business.site,oludeleadewalephotography@gmail.com,8064336459,@oludeleadewalephotography,@oludeleadewalephotography,,,"7, Alade Street, Ibafo"
Jodynastfarm,Ogun,Education,MSMEs and Startups,Others,,,,Jodynastworld,Seuninzion@gmail. Com,8062739882,,,,,"58, Odogbolu, Odogbolu"
EduPoint,Lagos,Creatives,MSMEs and Startups,Others,,,,https://edupoint.org.ng/,info@edupoint.org.ng,8177772980,https://www.facebook.com/EduPointLimited/,https://www.instagram.com/edupoint_limited/,https://www.linkedin.com/company/edupoint-limited/,https://twitter.com/EdupointLimited,"39C, Dr Ezekuse, Lekki Phase 1 Lagos"
Akingbade Olabode and company,Ogun,Agribusiness,MSMEs and Startups,Others,,,,https://akingbade-olabode-and-company.business.site/?utm_source=gmb&utm_medium=referral,akinbode470@gmail.com,7066303705,Bodeakin,Akingbadebode_co,,Akingbadebode_co,"466/468 Ikwerre road Rumuokwuta port Harcourt, Rivers State Nigeria"
Vendor Agribusiness Systems Ltd.,Ogun,Technology,MSMEs and Startups,Others,,,,www.vendoragro.com.ng,hello@vendoragro.com.ng,9019744110,www.facebook.com/vendoragro,@vendoragro_1,,,"32, Oba Akran Avenue, Ikeja, Lagos State"
Tech Gypsy,Rivers,Technology,MSMEs and Startups,Others,,,,Nil,info.techgypsy@gmail.com,7033043054,Tech Gypsy,Tech Gypsy,,,"Road 21, Rumuokwuta, Obio/Akpor, Port Harcourt"
Harzotech Nig Ltd,Lagos,Creatives,MSMEs and Startups,Others,,,,harzotech.com.ng,info@harzotech.com.ng,7069716822,facebook.com/harzotech,Harzotech_nig_ltd,Harzotech-nig-ltd,,"Road 9, opp owu baptist church, Totoro, Abeokuta"
Tripple C Production,Rivers,Creatives,MSMEs and Startups,Others,,,,Non yet,triple production a gmail.com,8035372428,Www.facebook.com/tripplecproduction,www.Instagram.com/tripplecpro,Not Yet,www.twitter.com/tripplecproduction,"Plot 6 Road, Joyce Plaza, Rumuagholu Pipeline"
Cilla Fashion House,Rivers,Manufacturing,MSMEs and Startups,Others,,,,Nil,Ekiyepriscillachinunwo@gmail.com,9091387942,@cillafashionhouse,@cillafashionhouse,www.LinkedIn.com/in/Priscilla-ekiye-,@cillafashionhuz,"Road 9, Akas Street, Rumuekini East-West Rd"
Beswith Creation,Rivers,Creatives,MSMEs and Startups,Others,,,,https://web.facebook.com/BeswithCreation/services/,creationbeswith@gmail.com,8038890031,https://web.facebook.com/BeswithCreation/services/,,,,"Nimc office old aba road, New layout, Oginigba"
Cilla Fashion House,Rivers,Agribusiness,MSMEs and Startups,Others,,,,Nil,Ekiyepriscillachinunwo@gmail.com,9091387942,@cillafashionhouse,@cillafashionhouse,www.LinkedIn.com/in/Priscilla-ekiye-,@cillafashionhuz,"PLOT 12, Akas Street, Rumuekini East-west Road"
Muels kitchen and catering services,Rivers,Health,MSMEs and Startups,Others,,,,https://wa.me/message/Y6LCN3GTMGBBK1,Muelskitchen@gmail.com,9056201559,Muels_kitchen catering services,@muels_kitchen,,,"219, Nimc office old Aba road, Port Harcourt, Rivers State."
PRISTINE EYE CARE LIMITED,Rivers,Manufacturing,MSMEs and Startups,Others,,,,www.pristineeyecare.com,pristineeyecare@gmail.com,8089442646,Facebook.com/pristineeyecarelimited,pristine_eyecare,Victoria Akwarandu Edeh,EyeCarePristine,"7, TIMOTHY LANE, RUMUOLA, OBIO AKPOR, Port Harcourt"
Nidom Global Services,Rivers,Technology,MSMEs and Startups,Others,,,,www.nidomglobal.com,nidomglobal@yahoo.com,8109864833,www.facebook.com/nidomglobal,Globalnidom,www.linkedin.com/nidomglobal,,"2, Aba Road, Obio/Akpor, Port Harcourt"
CITILITE MEDIA SOLUTIONS,Edo,Creatives,MSMEs and Startups,Others,,,,"www,citilitemedia.com.ng",admin@citilitemedia.com.ng,8132563896,facebook.com/citilitemedia,instagram.com/citilitemedia,,twitter.com/citilitemedia,"3, Erhunmwun Street, Ikpoba-Okha, Benin city"
Christopher Adolphus,Rivers,Creatives,MSMEs and Startups,Others,,,,Nil,minatemeimabibo@gmail.com,8119059861,https://www.facebook.com/christopheradolphusclothings/,Www.instagram.com/christopheradolphus_,,,"2, Bori, Borikiri, Port Harcourt"
RACELLE COCKTAILS,Rivers,Agribusiness,MSMEs and Startups,Others,,,,Nil,racellecocktails@gmail.com,7035220550,,,,,"AZ 18, Wodi, Obio/Akpor, Elelenwo"
Fourteen Network International Resources,Edo,Agribusiness,MSMEs and Startups,Others,,,,14ni.business.site,service.14ni@gmail.com,8068309491,https://www.facebook.com/bartholomewfelix.iyare,https://www.instagram.com/barthiyare/,https://www.linkedin.com/mwlite/in/bartholomew-iyare-b039b4108,https://mobile.twitter.com/BarthIyare1,"5, Ekhator  Street, Ovia North East, Ovia North East"
My Farm Resources,Kaduna,Manufacturing,MSMEs and Startups,Others,,,,None,myfarm.resource@gmail.com,8157929315,Facebook.com/myfarmresource,,,,"28, Damaturu road, Doka, Kaduna North"
Snobake Specialties Nigeria,Edo,Creatives,MSMEs and Startups,Others,,,,Snobake.com.ng,ezstino1@yahoo.com,8038628208,facebook.com/snobake Specialties,,,,"No. 5, S.S. SOKUNBI CASTLE, OPPOSITE OMO-ADE BLOCK INDUSTRY, Oredo, Benin City"
Kaul logistics and services(kLS),Lagos,Creatives,MSMEs and Startups,Others,,,,KLS_logistics& services,Kaullogistics@gmail.com,7030507817,KLS_logistics& services,,,,"21, Rd 3 Diamond estate, umuebelle, 34 onibore street surulere"
Mirage communication,Rivers,Creatives,MSMEs and Startups,Others,,,,https://www.facebook.com/Mirage-brands-1892274724149258/,Miragebrandscontact@gmail.com,8066355255,https://www.facebook.com/Mirage-brands-1892274724149258/,,,,"No 37, Gora street, Ungwan pama, sabon tasha, rumuibekwe housing estate"
Peter Dynamic Photography,Edo,Agribusiness,MSMEs and Startups,Others,,,,Peterdynamicphotgraphy.ng,Dynamicphotographyng@gmail.com,8134729688,Dynamic Photography,Dynamicphotography.ng,Peter Obue,,"5B, Obakhavbaye, Ring road"
Prudent Associates Agro-Industry,Lagos,Agribusiness,MSMEs and Startups,Others,,,,www.ufarmy.com,admin@ufarmy.com,2348162631110,www.facebook.com/prudentorganicfarms,www.instagram.com/prudentorganicfarms,https://www.linkedin.com/in/kafilat-adedeji-19aa74191,,"81, Fish Farm Estate"
ADAMS holdings,Lagos,Health,MSMEs and Startups,Others,,,,https://www.facebook.com/101113211241659/,adamsapeh@yahoo.com,8032024173,https://www.facebook.com/101113211241659/,,,,"111, Alajah Fausat street Ikotun Lagos"
Fibreats,Ogun,Creatives,MSMEs and Startups,Others,,,,www.fibreats.com,fibreatsng@gmail.com,2348105036456,www.facebook.com/fibreats,www.instagram.com/fibreats_ng,,www.twitter.com/fibreats,"13, OLUWO KEESI, FUNAAB ROAD, ALABATA, ABEOKUTA"
Thrive Shuttle Company,Ogun,Agribusiness,MSMEs and Startups,Others,,,,www.thriveshuttle.com,Thriveshuttlecompany@gmail.com,8062203453,https://www.facebook.com/oluwasegun.ayilara,,https://www.linkedin.com/in/oluwasegun-ayilara,,"21, Living Avenue, Abebi, Ado-Odo Ota"
Juice Clinic,Kaduna,Creatives,MSMEs and Startups,Others,,,,http://www.Facebook. com/juiceclinic,Juiceclinic028@gmail.com,8069135998,Facebook. Com/juiceclinic,@juiceclinic,,,"K9, Gora Street, Chikun, Kaduna"
ArtXplicit Conceptual,Ogun,Manufacturing,MSMEs and Startups,Others,,,,www.artxplicitconceptual.com,harmord.heetele@gmail.com,8036959912,www.facebook.com/Ahmed.adenekan,www.instagram.com/harmordreggie,,www.twitter.com/harmordreggie,"Abeokuta Street Adalemo Sango Ota, Ado-Odo/Ota"
Mighty Cut Integrated Company Limited,Rivers,Technology,MSMEs and Startups,Others,,,,http://www.mightycut.com,mightycutintegratedcmp@gmail.com,2348029497240,,www.Instagram.com/mighty_cutcmp,,,"Plot 38a, Mini Ewa road, Trans Amadi, Port Harcourt"
KING'S PORTION GLOBAL RESOURCES,Rivers,Agribusiness,MSMEs and Startups,Others,,,,www.king'sportionglobalresources.com,Kingportiongl@gmail.com,7011557310,@kingportionGobalResources,kingportionGobalResources,kingportionGobalResources,,"105, NKPOLU/RUMUIGBO, Port Harcourt"
Mavigas Enterprise,Rivers,Technology,MSMEs and Startups,Others,,,,www.mavigas.com.ng,info@mavigas.com.ng,9078149986,www.Facebook.com/mavigasbiz,mavigasbiz,,mavigasbiz,"Ogbunabali Raod, Port Harcourt"
Rivcycle,Rivers,Technology,MSMEs and Startups,Others,,,,www.rivcycle.com,rivcycle@gmail.com,2349023737609,Facebook.com/Rivcycle,,,,Agudama street Dline Port Harcourt
Dinspira Travels Nigeria LTD,Rivers,Education,MSMEs and Startups,Others,,,,www.dinspira.com,info@dinspira.com,8032551291,https://m.facebook.com/dinspiratravels/,https://www.instagram.com/dinspiratravels/,https://www.linkedin.com/mwlite/company/dinspira-travels,,"ALCON Road, Woji, Obio-Akpor"
Ehiwiny ventures,Edo,Technology,MSMEs and Startups,Others,,,,www.ehiwinyteachkids.org,Ehiwiny@gmail.com,8137115164,https://www.facebook.com/EhiwinyTeachKids,https://www.instagram.com/EhiwinyTeachKids,,,"Omoregbe street, Benin"
Flysix Solutions,Kaduna,Agribusiness,MSMEs and Startups,Others,,,,https://www.flysixsolutions.com,flysixsolutions@gmail.com,2347035316926,https://www.facebook.com/flysixsolutions,https://www.instagram.com/flysixsolutions,,,"Ahmadu Bello Way, Jos Road, Kaduna North"
Made-2-Shine Links and Services,Kaduna,Agribusiness,MSMEs and Startups,Others,,,,Made2shine,madetoshine001@gmail.com,8129832009,Made to Shine,Made2shinel.s,Made-2-Shine Links and Services,@made2shine001,"Eastern By Pass, Zaria and Kaduna"
DeConsole's Farm,Rivers,Technology,MSMEs and Startups,Others,,,,None,deconsole20@gmail.com,8034804304,,,,,"Road 4, Port harcourt"
BizAfric Digital Media And Branding,Abuja,Technology,MSMEs and Startups,Others,,,,www.bizafricdigital.com,bizafricdigital@gmail.com,7058083598,www.facebook.com/bizafricdigital,www.instagram.com/bizafricdigital,www.linkedin.com/company/bizafricdigital,www.twitter.com/bizafricdigital,"Olusegun Obasanjo Road, Gbuduwyi, Abuja Municipal Area Council"
Exsuntra Solutions LTD,Rivers,Others,MSMEs and Startups,Others,,,,www.exsuntrasolutions.com,n.richards@exsuntrasolutions.com,7030176676,https://facebook.com/exsuntra,https://instagram.com/exsuntra,,https://twitter.com/exsuntra,
Fiimast Digital,Kaduna,Technology,MSMEs and Startups,Others,,Male,Fii Stephen Michael,https://fiimast.com.ng,hello@fiimast.com.ng,8102945338,https://facebook.com/fiimastdigital,https://instagram.com/fiimastdigital,https://linkedin.com/in/fiistephenmichael/,https://twitter.com/fiimastdigital,"220 legacy plaza, Yakowa way, Kamazou."
Beckfix appliance and repair Limited,LAGOS,Manufacturing,MSMEs and Startups,Others,,Male,Beckley Olatunde,Beckfix.com.ng,beckfixlimited@gmail.com,2348138602446,beckfixrepairs,beckfixŕepairs,,,"39,college road,Haruna bus stop,ogba"
Achikef clothes,Kaduna State,Creatives,MSMEs and Startups,Others,,Male,,Achikef. Kadstep. Kd,achisonc@gmail.com,8024949893,achisonkefas,@Achikef,Achisonkefas,@achisonc,"POWA Complex, kakuri kaduna"
Dahyorpadimi,Lagos,Manufacturing,MSMEs and Startups,Others,,Male,Ogunbowale Adedayo,None,dayopadimi@gmail.com,8144220206,,,,,"Block H6 Binukonu ultra modern market, Ogudu road, Ojota"
Ideal Abode Estate Management,Edo,Creatives,MSMEs and Startups,Others,,Male,Joshua Kayode,https://g.page/IdealAbode,idealabodeng@gmail.com,2348079430521,fb.com/idealabodeng,instagram.com/idealabodeng,,twitter.com/idealabodeng,"270A  Ugbowo Lagos Express Way, Adolor junction, Ugbowo, Benin city."
CITILITE MEDIA SOLUTIONS,Edo State,Technology,MSMEs and Startups,Others,,Male,AGBOOLA OLALEKAN DAVID,"www,citilitemedia.com.ng",admin@citilitemedia.com.ng,8132563896,facebook.com/citilitemedia,instagram.com/citilitemedia,,twitter.com/citilitemedia,"19 Street, BDPA Estate"
iyby's Spot,Kaduna,Manufacturing,MSMEs and Startups,Others,,Male,Mohammed Aminu IBRAHIM,https://iybysspot.business.site/,iybysspot@gmail.com,8032845298,@iybys,@iybysspot,,@iybysspot,Shop No 14 & 15 opposite hostel 1 & 2 Ahmadu Bello University Kongo Campus Zaria
Entertainment,Lagos,Creatives,MSMEs and Startups,Others,,Female,Victory Ezewele,http://www.vickyharmonypro.com.ng,Victorycharis@gmail.com,7060552248,https://www.facebook.com/Vicky-Harmony,http://www.instagram.com/vickyharmonyprofilmmaker,http://www.linkedin.com/vickyharmony,http://www.twitter.com/@vickyharmony1,"21, Obalenmisoro Off Mobil Road Ajah, Lagos"
8ytman Network,Lagos,Creatives,MSMEs and Startups,Others,,Male,Shammah Buwanhot,No website,8ytmannetwork@gmail.com,8035768150,https://web.facebook.com/8ytmannetwork,https://www.instagram.com/8ytmannetwork/,https://www.linkedin.com/company/8ytmannetwork/?viewAsMember=true,https://twitter.com/8ytmannetwork,"Simpson street, Adekunle"
The Inedge Company,Lagos,Technology,MSMEs and Startups,Others,,Male,Isaac Akinpelu,theinedgecompany.com,inedgeltd@gmail.com,8067685135,,@theinedgecompany,,,"37, Adedoyin Street, Ogba-Ikeja, Lagos"
Mavigas Enterprise,Rivers,Agribusiness,MSMEs and Startups,Others,,Male,Baadom Tunebari,www.mavigas.com.ng,info@mavigas.com.ng,2348068578843,,,,,"111 Ogbunabali Road, Ogbunabali Port Harcourt"
Longevity Concepts And Consults,Rivers state,Technology,MSMEs and Startups,Others,,Male,Gilbert Baribuma Letom,Nil,letomgilbert@gmail.com,7035552373,Facebook.comm/longevityconcepts,,,,No. 31 kibangha market Rd Nordee's Compound Gokana LGA
Different Architecture and Development,Lagos,Creatives,MSMEs and Startups,Others,,Male,Okome Tesiro,www.dadbuilding.com,Tesiro@dadbuilding.com,8030950331,Facebook.com/dadbuilding,Instagram.com/dad_designbuild,http://linkedin.com/company/dadbuilding,,"9/11, Road 2, Lekki Atlantic Gardens Estate, Ajah"
Qordinates Mobile Car Wash Services,Edo,Creatives,MSMEs and Startups,Others,,Male,,www.qordinatesmobile.com,qordinates@gmail.com,8150508001,https://www.facebook.com/QordinatesMobile/,http://Instagram.com/qordinatesmobile,https://www.linkedin.com/in/osagie-samuel-ehizojie-qordinates-78712718a,https://twitter.com/Qordinatez,"Omonkhalen Street Off FGGC Road Osasogie Stores, Ugbowo Benin City."
Bntz Kasualz,Kaduna State,Creatives,MSMEs and Startups,Others,,Female,,www.bntzkasualz.ng,Info@bntzkasualz.ng,7014462090,,,,,"M15 Commissioner Road,  Ungwan Dosa, Kaduna"
Famatrix Agro Allied and Technology Company,Kaduna,Agribusiness,MSMEs and Startups,Others,,Female,Nyifamu Manzo,farmatrix.com.ng,farmatrixng@gmail.com,2348036421514,,,,,"C20 Tamanyi Manzo Street, Ungwan Sauri. Kaduna"
Famzfarm Service,Kaduna,Agribusiness,MSMEs and Startups,Others,,Female,Nyifamu Manzo,Nil,famzfarms@gmail.com,2348036421514,,,,,"C20bTamanyi Manzo Street, Ungwan Sauri. Kaduna"
Tenderfoot travel,Kaduna,Creatives,MSMEs and Startups,Others,,Male,Ben Silas,Donthaveawebsites.com,Tenderfoottravel@gmail.com,8062992889,@tenderfoottrav,@tenderfoottrav,,@tenderfoottrav,1 ishaku yari  close u/boro kaduna
GerryBlinqz Consultancy,Edo,Creatives,MSMEs and Startups,Others,,Male,Gerald Igwe,Nil.com,igwegerald@gmail.com,7069611075,https://www.facebook.com/pg/gerryblinqzconsultancy/posts/,,,,"18, konkord road off college road,off Ekewan road, Benin City"
07 FOODS,LAGOS,Agribusiness,MSMEs and Startups,Others,,Female,OLADEPO ELIZABETH,www.07foods.com,07foods@gmail.com,9014451337,https://web.facebook.com/07foodsnigeria,https://www.instagram.com/07foods/,https://www.linkedin.com/company/07foods,https://www.twitter.com/07foods/,5 ALADE OLANREWAJU STREET MEIRAN
Ecotutu,Lagos,Agribusiness,MSMEs and Startups,Others,,Male,Babajide Oluwase,www.ecotutu.com,info@ecotutu.com,8028117382,Facebook.com/ecotutu,Instagram.com/ecotutultd,LinkedIn.com/company/ecotutu,Twitter.com/ecotutu,"324 Adeyemo Akapo Street, Omole Phase 1"
Aga's Wholesome Foods Limited,Lagos,Manufacturing,MSMEs and Startups,Others,,Female,Oluebube Akah,www.agaswholesome.com,agaswholesome@gmail.com,0812 764 4815,www.facebook.com/agaswholesome,www.instagram.com/agas_wholesome,,,"13 Church Street, off Hospital Road, Gbagada, Lagos"
IrriTech Nigeria Limited,Lagos,Agribusiness,MSMEs and Startups,Others,,Male,Kenneth Okonkwo,www.irritechng.com,info@irritechng.com,8064246264,Facebook.com/IrriTechng,Instagram.com/IrriTech_ng,LinkedIn.com/in/IrriTech-Nigeria-Limited,Twitter.com/IrriTechng,"4, Office Street Maza-maza Amuwo Odofin Lagos"
SALUBATA,Lagos,Manufacturing,MSMEs and Startups,Others,,Male,Fela Akinse,www.salubataofficial.com,Salubatainc@gmail.com,2347062230959,,https://www.instagram.com/salubata/?hl=en,,,"Workstation, Maryland Mall"
Quadloop,Lagos,Manufacturing,MSMEs and Startups,Others,,Male,Dozie Igweilo,Https://www.quadloop.co,Info@quadloop.co,2348029463826,www.facebook.com/quadloopcreations,@quadloopcreate,https://www.linkedin.com/in/dozie-igweilo-4b39b2101,@quadloop_create,12B Showande street omole phase II
Alt Foods Industry Nigeria Limited,Lagos,Agribusiness,MSMEs and Startups,Others,,Female,Pascaline Opeodu,None,altfoods1@gmail.com,8101847771,https://www.facebook.com/altfoods/,https://instagram.com/altfood_?igshid=bhamo6rpndmn,,,"27, Adebayo Street, Omo onile, Obawole, Iju-Ishaga"
Orange Strategy Ltd,Lagos,Manufacturing,MSMEs and Startups,Others,,Female,Titilayo Falaiye,www.orange-strategy.com,orangestrategy02@gmail.com,8032124211,,@orangestrategywasterecyclers,,,"8 Oladoyinbo Street, Aguda Ogba, Lagos"
Greenhill Recycling,Lagos State,Manufacturing,MSMEs and Startups,Others,,Male,Mariam Lawani,www.ghrng.com,info@ghrng.com,8121100433,www.facebook.com/greenhillrecycling,www.instagram.com/greenhillrecycling,,www.twitter.com/greenhillrecycling,"6 PFN close, off Osolo way, Isolo"
Pacesetters Edu Services,Lagos,Education,MSMEs and Startups,Others,,Female,,www.phonicsanddiction.com.ng,info@phonicsanddiction.com.ng,7066882674,https://www.facebook.com/pacesetter.balogun,https://www.instagram.com/pacesettersphonics_diction,Profile | LinkedIn https://www.linkedin.com/mwlite/in/alimat-tijani-2482619a,https://twitter.com/PesPpdi?s=20,"1, Orelope House, Adurayemi Bus Stop, AIT Road, Alagbado, Lagos."
